문자내용,분류
"[Web발신]
해외 직구 35,000원 결제 승인 안내. 취소 문의 1588-0747",스미싱
"[Web발신]
[신한은행] 대출 심사 결과 안내드립니다. 결과 확인 hxxp://bit.ly/65zg5",스미싱
[모바일 초대장] 우리 아이 돌잔치에 초대합니다 http://vo.la/h98r,스미싱
"[Web발신]
마이너스통장 신규 대상자입니다. 서류없이 당일 입금 http://kr-8j9w.top",스미싱
"[Web발신]
귀하의 명의로 휴대폰이 개통되었습니다. 신고 ㅁㅁ링크",스미싱
엄마 나 폰 고장나서 컴퓨터로 문자해. 급하게 필요한거 있어서 http://vo.la/gm9j,스미싱
이번 주말에 시간 괜찮아? 얼굴 한번 보자,정상
"[Web발신]
[국민연금공단] 종합소득세 환급금 128,000원이 미수령 상태입니다. 신청 ㅁㅁ링크",스미싱
"[Web발신]
[한진택배] 배송지 미확인 상품 반송 예정입니다. 확인 hxxp://bit.ly/kwwwh",스미싱
[학원] 정대현 학생 오늘 결석했습니다. 확인 부탁드립니다.,정상
"[Web발신]
기업은행 입금 2,480,000원
잔액 2,480,000원
12/19 15:07",정상
"[Web발신]
고객님 계좌가 보이스피싱 피해 계좌로 신고되었습니다 070-8101-7170",스미싱
"[Web발신]
[건강보험공단] 종합소득세 환급금 12,900원이 미수령 상태입니다. 신청 ㅁㅁ링크",스미싱
"[Web발신]
고객님 포인트 소멸 예정입니다. 무료 전환 신청 http://kr-2vdr.top",스미싱
"[Web발신]
[삼성카드] 해외결제 356,000원 승인. 본인 아닐시 즉시 문의 ㅁㅁ링크",스미싱
"[Web발신]
신한카드 승인 조*주
356,000원 일시불
3/21 13:20
롯데마트 자세히 보기: https://www.naver.com/3db9",정상
"[Web발신]
[관세청] 재택 근무자 지원금 신청 접수중입니다 http://fhsw.duckdns.org",스미싱
[헬스장] 회원권이 10/11에 만료됩니다. 데스크로 문의 주세요. 앱에서 확인: https://www.naver.com/thv4,정상
"[Web발신]
새마을금고 체크카드 승인 356,000원 백화점 09:12 자세히 보기: https://www.naver.com/23fx",정상
"[Web발신]
[쿠팡] 배송지 미확인 상품 반송 예정입니다. 확인 http://8z4h.duckdns.org",스미싱
조은주아 생일 축하해! 좋은 하루 보내 자세히 보기: https://www.naver.com/q78d,정상
"[Web발신]
[로젠택배] 배송지 미확인 상품 반송 예정입니다. 확인 ㅁㅁ링크",스미싱
"[Web발신]
카카오뱅크 체크카드 승인 2,480,000원 G마켓 15:07",정상
안녕하세요 쿠팡 정대현입니다. 부재중이라 경비실에 맡겨두었습니다.,정상
"[Web발신]
계정 도용 의심으로 이용이 제한되었습니다. 해제 http://vo.la/th5g",스미싱
[헬스장] 회원권이 2/03에 만료됩니다. 데스크로 문의 주세요.,정상
"[Web발신]
재택 부업 모집. 하루 2시간 고수익 보장 http://vo.la/wjr2",스미싱
[아파트관리사무소] 단수 안내: 10/11 15:07부터 2시간 단수 예정입니다.,정상
"[Web발신]
BC카드 승인 김*수
356,000원 일시불
8/14 21:15
11번가 앱에서 확인: https://www.naver.com/uy8p",정상
[중앙중학교] 현장학습 관련 동의서 제출 부탁드립니다. 자세히 보기: https://www.naver.com/teue,정상
박정호 대리님 요청하신 자료 메일로 보냈습니다. 확인 부탁드려요.,정상
"[Web발신]
롯데카드 7/05 청구금액 35,000원 안내드립니다. 문의 1666-7026",정상
안녕하세요 쿠팡 강미경입니다. 부재중이라 경비실에 맡겨두었습니다. 앱에서 확인: https://www.naver.com/pm3r,정상
"[Web발신]
기업은행 예금 만기 안내. 자세한 내용은 영업점 또는 070-7426-9736",정상
"[Web발신]
고객님 계좌가 보이스피싱 피해 계좌로 신고되었습니다 02-4410-5783",스미싱
"[Web발신]
[긴급] 미사용 포인트 770,000점 오늘 소멸됩니다 hxxp://bit.ly/9xs3z",스미싱
"[Web발신]
기업은행 예금 만기 안내. 자세한 내용은 영업점 또는 070-5428-9511",정상
"[Web발신]
[질병관리청] 소상공인 재난지원금 지급 대상 안내 ㅁㅁ링크",스미싱
안녕하세요 한진택배 윤성호입니다. 부재중이라 경비실에 맡겨두었습니다.,정상
"[Web발신]
단기 알바 급하게 구합니다. 일당 20만원 지급 02-0053-8289",스미싱
"[Web발신]
앱 정기결제 89,000원 자동 갱신 예정입니다. 해지 ㅁㅁ링크",스미싱
"[Web발신]
[경찰청] 정부지원금 신청 대상자로 선정되셨습니다. 신청기한 오늘까지 http://kr-hrzm.top",스미싱
"[Web발신]
[행정안전부] 건강검진 미수검자 안내. 대상자 조회 http://kr-gzm3.top",스미싱
"[Web발신]
[삼성카드] 해외결제 2,480,000원 승인. 본인 아닐시 즉시 문의 http://kr-vzvk.top",스미싱
"[Web발신]
[롯데택배] 미수령 택배 1건 보관중. 오늘까지 미확인시 반송됩니다 http://me2.kr/z9yr",스미싱
[모바일 청첩장] 정대현 결혼합니다. 초대장 확인 http://c6yj.duckdns.org,스미싱
행복치과입니다. 내일 09:12 예약 확인 전화드렸는데 부재중이셨습니다. 1666-1738 자세히 보기: https://www.naver.com/z24x,정상
[한빛고등학교] 내일은 단축수업입니다. 하교 시간 확인 부탁드립니다.,정상
[LG U+] 데이터 사용량이 80%를 초과했습니다. 남은 기간 확인하세요. 자세히 보기: https://www.naver.com/ewxz,정상
"[Web발신]
새마을금고 체크카드 승인 1,250,000원 G마켓 21:15",정상
어제 고마웠어. 다음에 밥 한번 사줄게 앱에서 확인: https://www.naver.com/vhmt,정상
[모바일 청첩장] 임지은 결혼합니다. 초대장 확인 http://nd6a.duckdns.org,스미싱
"[Web발신]
[행정안전부] 건강검진 미수검자 안내. 대상자 조회 http://han.gl/3cgf",스미싱
"[Web발신]
타지역에서 로그인 시도가 감지되었습니다. 본인확인 http://me2.kr/rr37",스미싱
"[Web발신]
[국세청] 정부지원금 신청 대상자로 선정되셨습니다. 신청기한 오늘까지 ㅁㅁ링크",스미싱
[건강보험공단] 민방위 교육 일정 안내입니다. 대상자는 사이버교육 이수 바랍니다.,정상
"[Web발신]
고객님 포인트 소멸 예정입니다. 무료 전환 신청 http://xn--pxa37.xyz",스미싱
"[Web발신]
[보안경고] 개인정보 유출이 확인되었습니다. 즉시 조치 http://y39m.duckdns.org",스미싱
"[Web발신]
[삼성카드] 결제 오류로 승인 실패. 카드정보 재등록 필요합니다 http://vo.la/gcqu",스미싱
오늘 회식 10:45에 시작합니다. 장소는 사무실 앞에서 모입니다. 앱에서 확인: https://www.naver.com/tkbb,정상
"[Web발신]
하나은행 체크카드 승인 35,000원 G마켓 10:45",정상
[알뜰폰] 요금이 정상 납부되었습니다. 이용해 주셔서 감사합니다. 앱에서 확인: https://www.naver.com/87ws,정상
"[Web발신]
[보안경고] 개인정보 유출이 확인되었습니다. 즉시 조치 http://z2re.duckdns.org",스미싱
"[Web발신]
농협은행 예금 만기 안내. 자세한 내용은 영업점 또는 070-9259-7461",정상
[미용실] 예약 12/19 21:15 확인되었습니다. 늦지 않게 방문 부탁드려요.,정상
"[Web발신]
[관세청] 건강검진 미수검자 안내. 대상자 조회 http://xn--ttwqm.xyz",스미싱
박정호님 내일 회의 10:45으로 변경되었습니다. 확인 부탁드립니다.,정상
정대현 대리님 요청하신 자료 메일로 보냈습니다. 확인 부탁드려요. 자세히 보기: https://www.naver.com/gmtu,정상
[모바일 초대장] 우리 아이 돌잔치에 초대합니다 http://kr-y5uv.top,스미싱
"[Web발신]
[검찰청] 귀하의 명의로 계좌가 개설되어 수사중입니다. 확인 http://me2.kr/xx3g",스미싱
나 지금 출발했어. 09:12쯤 도착할 것 같아 앱에서 확인: https://www.naver.com/vppn,정상
[미용실] 예약 3/21 10:45 확인되었습니다. 늦지 않게 방문 부탁드려요. 앱에서 확인: https://www.naver.com/2q99,정상
동생 사진 잘 받았어요. 건강 조심하세요,정상
"[Web발신]
[로젠택배] 미수령 택배 1건 보관중. 오늘까지 미확인시 반송됩니다 ㅁㅁ링크",스미싱
"[Web발신]
[국민카드] 결제 오류로 승인 실패. 카드정보 재등록 필요합니다 hxxp://bit.ly/47wuy",스미싱
"[Web발신]
새마을금고 체크카드 승인 2,480,000원 롯데마트 15:07 앱에서 확인: https://www.naver.com/gp5b",정상
"[Web발신]
고객님 앞으로 도착한 종물물품 1건이 있습니다. 조회 http://xn--dhm2p.xyz",스미싱
"[Web발신]
농협은행 입금 35,000원
잔액 770,000원
10/11 09:12",정상
"[Web발신]
타지역에서 로그인 시도가 감지되었습니다. 본인확인 http://han.gl/uhmp",스미싱
[한빛고등학교] 학부모 상담 주간 안내드립니다. 신청서를 보내드렸습니다.,정상
[미용실] 예약 2/03 09:12 확인되었습니다. 늦지 않게 방문 부탁드려요. 앱에서 확인: https://www.naver.com/sjb2,정상
"[Web발신]
축하합니다! 롯데마트 경품 이벤트에 당첨되셨습니다 http://24na.duckdns.org",스미싱
"[Web발신]
[농협은행] 대출 심사 결과 안내드립니다. 결과 확인 http://me2.kr/vm9b",스미싱
[중앙중학교] 급식 식단표를 가정통신문으로 배부하였습니다.,정상
"[Web발신]
[질병관리청] 종합소득세 환급금 1,250,000원이 미수령 상태입니다. 신청 ㅁㅁ링크",스미싱
[부고] 삼가 고인의 명복을 빕니다. 부고장 hxxp://bit.ly/qtqka,스미싱
"[Web발신]
[알림] 미납 통신요금 1,250,000원 정지 예정 안내 ㅁㅁ링크",스미싱
[우체국택배] 배송이 완료되었습니다. 이용해 주셔서 감사합니다. 자세히 보기: https://www.naver.com/75zy,정상
"[Web발신]
축하합니다! 이마트 경품 이벤트에 당첨되셨습니다 ㅁㅁ링크",스미싱
"[Web발신]
[CJ대한통운] 미수령 택배 1건 보관중. 오늘까지 미확인시 반송됩니다 http://han.gl/k29u",스미싱
"[Web발신]
신한카드 승인 한*철
35,000원 일시불
3/21 19:48
롯데마트 앱에서 확인: https://www.naver.com/rjkc",정상
[미용실] 예약 12/19 13:20 확인되었습니다. 늦지 않게 방문 부탁드려요.,정상
형 사진 잘 받았어요. 건강 조심하세요,정상
"[Web발신]
[국세청] 종합소득세 환급금 2,480,000원이 미수령 상태입니다. 신청 http://kr-espv.top",스미싱
[한빛고등학교] 현장학습 관련 동의서 제출 부탁드립니다.,정상
"[Web발신]
[로젠택배] 미수령 택배 1건 보관중. 오늘까지 미확인시 반송됩니다 http://me2.kr/pf82",스미싱
[질병관리청] 주민세 납부 기한은 1/12까지입니다. 문의는 02-8835-4164 앱에서 확인: https://www.naver.com/q3bp,정상
"[Web발신]
[알림] 미납 통신요금 12,900원 정지 예정 안내 hxxp://bit.ly/5p68u",스미싱
"[Web발신]
온라인 쇼핑몰 리뷰 알바 모집합니다. 건당 1만원 http://vo.la/t6fz",스미싱
[푸른어린이집] 현장학습 관련 동의서 제출 부탁드립니다.,정상
"[Web발신]
백신 접종 예약 변경 안내드립니다. 확인 hxxp://bit.ly/8bwz5",스미싱
"[Web발신]
[새마을금고] 저금리 대환대출 최대 89,000원 한도확인 가능합니다 http://kr-8mu4.top",스미싱
"[Web발신]
해외 직구 89,000원 결제 승인 안내. 취소 문의 02-6227-0179",스미싱
"[Web발신]
[국민카드] 카드 발급이 완료되었습니다. 본인 신청이 아니면 ㅁㅁ링크",스미싱
"[Web발신]
고객님 계좌가 보이스피싱 피해 계좌로 신고되었습니다 1666-0661",스미싱
[롯데마트] 주문번호 확인 결과 정상 배송 중입니다. 문의 02-3405-8716,정상
"[Web발신]
온라인 쇼핑몰 리뷰 알바 모집합니다. 건당 1만원 ㅁㅁ링크",스미싱
"[Web발신]
[CJ대한통운] 주소불일치로 물품 배송이 보류되었습니다. 주소 확인 http://89ze.duckdns.org",스미싱
휴가 결재 승인되었습니다. 인수인계 진행해 주세요.,정상
"[Web발신]
[관세청] 건강검진 미수검자 안내. 대상자 조회 http://me2.kr/3sy2",스미싱
"[Web발신]
우리은행 출금 356,000원
10/11 10:45 자동이체",정상
"[Web발신]
[알림] 미납 통신요금 128,000원 정지 예정 안내 http://han.gl/hcw4",스미싱
[도서관] 대출하신 도서 반납일이 10/11입니다.,정상
"[Web발신]
[우리은행] 고객님 계좌에서 128,000원 이체 시도가 감지되었습니다 hxxp://bit.ly/thvve",스미싱
"[Web발신]
[알림] 미납 통신요금 89,000원 정지 예정 안내 hxxp://bit.ly/a6pe3",스미싱
"[Web발신]
BC카드 5/17 청구금액 1,250,000원 안내드립니다. 문의 1588-5533 앱에서 확인: https://www.naver.com/6rp2",정상
"[Web발신]
신한카드 승인 조*주
89,000원 일시불
12/19 19:48
백화점",정상
나 지금 출발했어. 10:45쯤 도착할 것 같아,정상
"[Web발신]
[쿠팡] 89,000원 결제가 완료되었습니다. 본인 아니면 02-4391-3986",스미싱
월요일 출근 전에 보고서 초안 공유 부탁드립니다. 감사합니다. 앱에서 확인: https://www.naver.com/as3w,정상
[부고] 삼가 고인의 명복을 빕니다. 부고장 http://han.gl/2kq5,스미싱
"[Web발신]
[국민은행] 저금리 대환대출 최대 770,000원 한도확인 가능합니다 http://swth.duckdns.org",스미싱
"[Web발신]
[알림] 미납 통신요금 35,000원 정지 예정 안내 ㅁㅁ링크",스미싱
"[Web발신]
G마켓 상품권 무료 증정 이벤트 당첨자로 선정되셨습니다 http://kr-gqer.top",스미싱
[중앙중학교] 학부모 상담 주간 안내드립니다. 신청서를 보내드렸습니다.,정상
"[Web발신]
[국민은행] 저금리 대환대출 최대 48,700원 한도확인 가능합니다 http://han.gl/aadz",스미싱
"[Web발신]
[하나은행] 저금리 대환대출 최대 35,000원 한도확인 가능합니다 ㅁㅁ링크",스미싱
박정호님 내일 회의 21:15으로 변경되었습니다. 확인 부탁드립니다.,정상
"[Web발신]
[하나카드] 결제 오류로 승인 실패. 카드정보 재등록 필요합니다 http://me2.kr/4gue",스미싱
"[Web발신]
[투자] 종목 무료 추천방 오픈. 수익률 182% 실화입니다 ㅁㅁ링크",스미싱
"[Web발신]
[국민연금공단] 미납 과태료 89,000원 최종 안내. 미납시 재산압류 http://han.gl/sm5w",스미싱
"[Web발신]
[서울시청] 미납 과태료 770,000원 최종 안내. 미납시 재산압류 ㅁㅁ링크",스미싱
"[Web발신]
[롯데택배] 배송지 미확인 상품 반송 예정입니다. 확인 ㅁㅁ링크",스미싱
오늘 회식 09:12에 시작합니다. 장소는 사무실 앞에서 모입니다. 자세히 보기: https://www.naver.com/rpa7,정상
"[Web발신]
[국민은행] 고객님 계좌에서 770,000원 이체 시도가 감지되었습니다 ㅁㅁ링크",스미싱
엄마 나 폰 고장나서 컴퓨터로 문자해. 급하게 필요한거 있어서 http://me2.kr/vem5,스미싱
[서울시청] 주민세 납부 기한은 11/02까지입니다. 문의는 070-0872-0694,정상
"[Web발신]
단기 알바 급하게 구합니다. 일당 20만원 지급 02-0678-2138",스미싱
[도서관] 대출하신 도서 반납일이 6/28입니다.,정상
"[Web발신]
삼성카드 승인 조*주
89,000원 일시불
6/28 22:40
이마트 앱에서 확인: https://www.naver.com/99bg",정상
[모바일 초대장] 우리 아이 돌잔치에 초대합니다 hxxp://bit.ly/jz8dz,스미싱
"[Web발신]
새마을금고 체크카드 승인 770,000원 신세계몰 17:33",정상
"[Web발신]
[하나카드] 해외결제 89,000원 승인. 본인 아닐시 즉시 문의 http://han.gl/sc8p",스미싱
이영희 대리님 요청하신 자료 메일로 보냈습니다. 확인 부탁드려요.,정상
[세탁소] 맡기신 옷 세탁 완료되었습니다. 편하실 때 찾아가세요. 앱에서 확인: https://www.naver.com/6hzx,정상
정대현아 생일 축하해! 좋은 하루 보내,정상
[아파트관리사무소] 정기 소방점검이 3/21에 있습니다. 협조 부탁드립니다. 자세히 보기: https://www.naver.com/mzb7,정상
"[LG U+] 이번 달 요금은 48,700원입니다. 자세한 내역은 고객센터 010-2011-9432",정상
[모바일 초대장] 우리 아이 돌잔치에 초대합니다 http://xn--jqn6y.xyz,스미싱
"[Web발신]
마이너스통장 신규 대상자입니다. 서류없이 당일 입금 http://me2.kr/cc4s",스미싱
"[Web발신]
[보안경고] 개인정보 유출이 확인되었습니다. 즉시 조치 http://me2.kr/ndvx",스미싱
"[Web발신]
단기 알바 급하게 구합니다. 일당 20만원 지급 070-9993-8943",스미싱
[LG U+] 요금이 정상 납부되었습니다. 이용해 주셔서 감사합니다.,정상
"[Web발신]
단기 알바 급하게 구합니다. 일당 20만원 지급 1588-1314",스미싱
"[Web발신]
고객님 앞으로 도착한 종물물품 1건이 있습니다. 조회 http://me2.kr/ttt6",스미싱
[모바일 청첩장] 조은주 결혼합니다. 초대장 확인 http://han.gl/kjf9,스미싱
"[Web발신]
[법원] 전자소송 출석요구서가 송달되었습니다. 열람 http://xn--z4jfu.xyz",스미싱
[새싹유치원] 내일은 단축수업입니다. 하교 시간 확인 부탁드립니다. 앱에서 확인: https://www.naver.com/447g,정상
"[Web발신]
[새마을금고] 저금리 대환대출 최대 1,250,000원 한도확인 가능합니다 http://xn--hfygf.xyz",스미싱
비 온대. 우산 챙겨서 나가 자세히 보기: https://www.naver.com/nssa,정상
"[Web발신]
[CU편의점택배] 미수령 택배 1건 보관중. 오늘까지 미확인시 반송됩니다 ㅁㅁ링크",스미싱
[롯데택배] 고객님의 상품이 오늘 도착 예정입니다. 기사 김민수 010-1128-9551,정상
"[Web발신]
국민은행 출금 128,000원
7/05 22:40 자동이체",정상
"[Web발신]
우리은행 예금 만기 안내. 자세한 내용은 영업점 또는 1666-4415",정상
"[Web발신]
[기업은행] 고객님 계좌에서 35,000원 이체 시도가 감지되었습니다 ㅁㅁ링크",스미싱
"[Web발신]
[우체국택배] 송장번호 오류로 배송 지연. 정보 수정 바랍니다 ㅁㅁ링크",스미싱
할머니 약 잘 챙겨 드시고 계세요. 주말에 갈게요 자세히 보기: https://www.naver.com/b4w9,정상
"[Web발신]
[법원] 전자소송 출석요구서가 송달되었습니다. 열람 http://han.gl/t245",스미싱
[국민연금공단] 예방접종 안내입니다. 가까운 보건소에서 접종 가능합니다. 문의 010-9510-3817,정상
"[LG U+] 이번 달 요금은 89,000원입니다. 자세한 내역은 고객센터 02-6046-9217",정상
[새싹유치원] 현장학습 관련 동의서 제출 부탁드립니다. 앱에서 확인: https://www.naver.com/hydb,정상
"[Web발신]
[서울시청] 재택 근무자 지원금 신청 접수중입니다 ㅁㅁ링크",스미싱
"[Web발신]
[서울시청] 건강검진 미수검자 안내. 대상자 조회 http://me2.kr/m53x",스미싱
강미경아 생일 축하해! 좋은 하루 보내,정상
"[Web발신]
하나은행 출금 89,000원
6/28 19:48 자동이체",정상
[한진택배] 배송이 완료되었습니다. 이용해 주셔서 감사합니다. 자세히 보기: https://www.naver.com/agad,정상
[햇살초등학교] 급식 식단표를 가정통신문으로 배부하였습니다. 자세히 보기: https://www.naver.com/r9ue,정상
[모바일 청첩장] 박정호 결혼합니다. 초대장 확인 ㅁㅁ링크,스미싱
"[Web발신]
[새마을금고] 비정상 로그인 감지. 계정 정지 예정입니다 http://xn--tx3km.xyz",스미싱
"[Web발신]
[우체국택배] 주소불일치로 물품 배송이 보류되었습니다. 주소 확인 hxxp://bit.ly/n6gx6",스미싱
할머니 오늘 저녁에 집에 몇 시쯤 와? 밥 차려놓을게,정상
"[Web발신]
[새마을금고] 비정상 로그인 감지. 계정 정지 예정입니다 http://vo.la/rbge",스미싱
삼촌 약 잘 챙겨 드시고 계세요. 주말에 갈게요,정상
[학원] 한상철 학생 오늘 결석했습니다. 확인 부탁드립니다.,정상
[경찰청] 민방위 교육 일정 안내입니다. 대상자는 사이버교육 이수 바랍니다. 앱에서 확인: https://www.naver.com/racp,정상
"[Web발신]
새마을금고 출금 128,000원
4/09 17:33 자동이체",정상
"[Web발신]
[검찰청] 귀하의 명의로 계좌가 개설되어 수사중입니다. 확인 http://kr-pj2s.top",스미싱
"[Web발신]
신한은행 입금 770,000원
잔액 12,900원
8/14 10:45",정상
"[Web발신]
[국민카드] 결제 오류로 승인 실패. 카드정보 재등록 필요합니다 ㅁㅁ링크",스미싱
"[Web발신]
새마을금고 출금 89,000원
2/03 15:07 자동이체",정상
"[Web발신]
[우리은행] 저금리 대환대출 최대 128,000원 한도확인 가능합니다 http://kr-gdmu.top",스미싱
[새싹유치원] 내일은 단축수업입니다. 하교 시간 확인 부탁드립니다.,정상
"[Web발신]
[국민연금공단] 건강검진 미수검자 안내. 대상자 조회 http://me2.kr/cu4e",스미싱
안녕하세요 CU편의점택배 윤성호입니다. 부재중이라 경비실에 맡겨두었습니다.,정상
"[Web발신]
신한카드 승인 박*호
35,000원 일시불
10/11 17:33
11번가",정상
[SKT] 데이터 사용량이 80%를 초과했습니다. 남은 기간 확인하세요.,정상
안녕하세요 우체국택배 조은주입니다. 부재중이라 경비실에 맡겨두었습니다. 자세히 보기: https://www.naver.com/kfst,정상
우리정형외과 예약 안내: 3/21 19:48. 변경은 02-5806-4373로 연락 주세요. 앱에서 확인: https://www.naver.com/35zt,정상
"[Web발신]
[건강보험공단] 소상공인 재난지원금 지급 대상 안내 http://c74e.duckdns.org",스미싱
"[Web발신]
계정 도용 의심으로 이용이 제한되었습니다. 해제 http://6ttn.duckdns.org",스미싱
"[Web발신]
[행정안전부] 미납 과태료 1,250,000원 최종 안내. 미납시 재산압류 ㅁㅁ링크",스미싱
"[KT] 이번 달 요금은 89,000원입니다. 자세한 내역은 고객센터 1666-3795",정상
"[Web발신]
[투자] 종목 무료 추천방 오픈. 수익률 182% 실화입니다 http://han.gl/5t2r",스미싱
나 지금 출발했어. 09:12쯤 도착할 것 같아,정상
[국세청] 예방접종 안내입니다. 가까운 보건소에서 접종 가능합니다. 문의 070-0572-4435,정상
[국제우편] 통관보류 물품 안내드립니다. 미확인시 폐기 처리 http://han.gl/zxwe,스미싱
"[Web발신]
[건강보험공단] 재택 근무자 지원금 신청 접수중입니다 ㅁㅁ링크",스미싱
"[Web발신]
새마을금고 예금 만기 안내. 자세한 내용은 영업점 또는 1666-1239",정상
서울내과의원 검진 결과가 나왔습니다. 내원하셔서 상담 받으시기 바랍니다. 자세히 보기: https://www.naver.com/auae,정상
이모 약 잘 챙겨 드시고 계세요. 주말에 갈게요 자세히 보기: https://www.naver.com/6ta8,정상
[헬스장] 회원권이 1/12에 만료됩니다. 데스크로 문의 주세요. 자세히 보기: https://www.naver.com/b6ga,정상
"[Web발신]
타지역에서 로그인 시도가 감지되었습니다. 본인확인 http://me2.kr/56ys",스미싱
"[알뜰폰] 이번 달 요금은 770,000원입니다. 자세한 내역은 고객센터 02-9571-4500",정상
나 지금 출발했어. 17:33쯤 도착할 것 같아,정상
"[Web발신]
[롯데마트] 주문하신 상품이 결제 처리되었습니다. 취소 ㅁㅁ링크",스미싱
"[Web발신]
온라인 쇼핑몰 리뷰 알바 모집합니다. 건당 1만원 http://ypdx.duckdns.org",스미싱
"[Web발신]
타지역에서 로그인 시도가 감지되었습니다. 본인확인 http://me2.kr/tqj3",스미싱
"국민카드 카드 이용대금 1,250,000원이 정상 출금되었습니다.",정상
"[Web발신]
신한은행 체크카드 승인 1,250,000원 신세계몰 09:12 자세히 보기: https://www.naver.com/j7kx",정상
[모바일 초대장] 우리 아이 돌잔치에 초대합니다 http://kr-66q4.top,스미싱
"[Web발신]
[법원] 전자소송 출석요구서가 송달되었습니다. 열람 http://2bg2.duckdns.org",스미싱
아빠 지금 통화 안돼서 문자로 보내. 이거 좀 확인해줘 ㅁㅁ링크,스미싱
[KT] 요금이 정상 납부되었습니다. 이용해 주셔서 감사합니다.,정상
"[Web발신]
[투자] 종목 무료 추천방 오픈. 수익률 182% 실화입니다 http://vo.la/qnrp",스미싱
[한진택배] 배송이 완료되었습니다. 이용해 주셔서 감사합니다.,정상
"[Web발신]
고객님 앞으로 도착한 종물물품 1건이 있습니다. 조회 hxxp://bit.ly/e96kp",스미싱
[서울시청] 주민세 납부 기한은 4/09까지입니다. 문의는 02-1948-2375,정상
"[Web발신]
[법원] 전자소송 출석요구서가 송달되었습니다. 열람 ㅁㅁ링크",스미싱
"[Web발신]
단기 알바 급하게 구합니다. 일당 20만원 지급 1666-8650",스미싱
[주민센터] 신청하신 서류 발급이 완료되었습니다. 방문 수령 바랍니다.,정상
[백화점] 주문번호 확인 결과 정상 배송 중입니다. 문의 1666-8619,정상
안녕하세요 쿠팡 윤성호입니다. 부재중이라 경비실에 맡겨두었습니다.,정상
[한진택배] 상품을 문 앞에 두고 갔습니다. 확인 부탁드립니다. 자세히 보기: https://www.naver.com/7suf,정상
"[Web발신]
국민카드 승인 강*경
48,700원 일시불
3/21 22:40
신세계몰 자세히 보기: https://www.naver.com/uyqt",정상
박정호님 내일 회의 17:33으로 변경되었습니다. 확인 부탁드립니다.,정상
"[Web발신]
[삼성카드] 카드 발급이 완료되었습니다. 본인 신청이 아니면 http://vo.la/7rn9",스미싱
"[Web발신]
[법원] 전자소송 출석요구서가 송달되었습니다. 열람 hxxp://bit.ly/yjjym",스미싱
"[Web발신]
해외 직구 128,000원 결제 승인 안내. 취소 문의 1666-9353",스미싱
[미용실] 예약 3/21 19:48 확인되었습니다. 늦지 않게 방문 부탁드려요.,정상
"[Web발신]
우리은행 체크카드 승인 128,000원 11번가 10:45",정상
"[SKT] 이번 달 요금은 2,480,000원입니다. 자세한 내역은 고객센터 1666-6821",정상
"[Web발신]
[국세청] 건강검진 미수검자 안내. 대상자 조회 http://xn--p3dqj.xyz",스미싱
"[Web발신]
[국세청] 종합소득세 환급금 48,700원이 미수령 상태입니다. 신청 ㅁㅁ링크",스미싱
최수진아 생일 축하해! 좋은 하루 보내,정상
"[Web발신]
[보안경고] 개인정보 유출이 확인되었습니다. 즉시 조치 http://kr-w457.top",스미싱
"[Web발신]
소액으로 시작하는 재테크. 원금보장 고수익 http://vo.la/fexa",스미싱
[아파트관리사무소] 정기 소방점검이 7/05에 있습니다. 협조 부탁드립니다.,정상
"[Web발신]
[이벤트] 무료 상품권 770,000원 선착순 지급중. 지금 신청 ㅁㅁ링크",스미싱
"[Web발신]
기업은행 예금 만기 안내. 자세한 내용은 영업점 또는 070-2096-4202",정상
[도서관] 대출하신 도서 반납일이 8/14입니다.,정상
"[Web발신]
롯데카드 10/11 청구금액 1,250,000원 안내드립니다. 문의 02-3927-1876 자세히 보기: https://www.naver.com/b5rh",정상
"[Web발신]
고객님 포인트 소멸 예정입니다. 무료 전환 신청 http://vo.la/wvxp",스미싱
"[Web발신]
[롯데마트] 12,900원 결제가 완료되었습니다. 본인 아니면 010-3005-3768",스미싱
"[Web발신]
[백화점] 356,000원 결제가 완료되었습니다. 본인 아니면 1588-3327",스미싱
"[Web발신]
[검찰청] 귀하의 명의로 계좌가 개설되어 수사중입니다. 확인 ㅁㅁ링크",스미싱
"[Web발신]
[질병관리청] 재택 근무자 지원금 신청 접수중입니다 http://sbzq.duckdns.org",스미싱
"현대카드 카드 이용대금 770,000원이 정상 출금되었습니다. 앱에서 확인: https://www.naver.com/ww8k",정상
김민수님 내일 회의 21:15으로 변경되었습니다. 확인 부탁드립니다.,정상
[도서관] 대출하신 도서 반납일이 4/09입니다.,정상
한상철 대리님 요청하신 자료 메일로 보냈습니다. 확인 부탁드려요.,정상
[CJ대한통운] 배송이 완료되었습니다. 이용해 주셔서 감사합니다.,정상
[경찰청] 예방접종 안내입니다. 가까운 보건소에서 접종 가능합니다. 문의 1588-2314,정상
엄마 오늘 저녁에 집에 몇 시쯤 와? 밥 차려놓을게,정상
나 지금 출발했어. 10:45쯤 도착할 것 같아 자세히 보기: https://www.naver.com/khqp,정상
[아파트관리사무소] 단수 안내: 4/09 19:48부터 2시간 단수 예정입니다.,정상
[새싹유치원] 현장학습 관련 동의서 제출 부탁드립니다. 자세히 보기: https://www.naver.com/8z9h,정상
[모바일 청첩장] 윤성호 결혼합니다. 초대장 확인 http://xn--ug7sk.xyz,스미싱
안녕하세요 한진택배 최수진입니다. 부재중이라 경비실에 맡겨두었습니다. 자세히 보기: https://www.naver.com/sdse,정상
"[Web발신]
[백화점] 주문하신 상품이 결제 처리되었습니다. 취소 hxxp://bit.ly/y5pqg",스미싱
[한빛고등학교] 급식 식단표를 가정통신문으로 배부하였습니다. 앱에서 확인: https://www.naver.com/j7m6,정상
"[Web발신]
고객님 앞으로 도착한 종물물품 1건이 있습니다. 조회 http://han.gl/f4pc",스미싱
[로젠택배] 고객님의 상품이 오늘 도착 예정입니다. 기사 강미경 1666-7566 앱에서 확인: https://www.naver.com/w5a6,정상
"[Web발신]
소액으로 시작하는 재테크. 원금보장 고수익 http://han.gl/55y6",스미싱
"[Web발신]
[CU편의점택배] 송장번호 오류로 배송 지연. 정보 수정 바랍니다 ㅁㅁ링크",스미싱
"[Web발신]
[새마을금고] 대출 심사 결과 안내드립니다. 결과 확인 http://han.gl/jd3s",스미싱
"신한카드 카드 이용대금 35,000원이 정상 출금되었습니다.",정상
"[Web발신]
[검찰청] 귀하의 명의로 계좌가 개설되어 수사중입니다. 확인 http://xn--24ssy.xyz",스미싱
안녕하세요 쿠팡 박정호입니다. 부재중이라 경비실에 맡겨두었습니다.,정상
미소안과 검진 결과가 나왔습니다. 내원하셔서 상담 받으시기 바랍니다.,정상
"하나카드 카드 이용대금 48,700원이 정상 출금되었습니다.",정상
정대현 대리님 요청하신 자료 메일로 보냈습니다. 확인 부탁드려요.,정상
형 오늘 저녁에 집에 몇 시쯤 와? 밥 차려놓을게 자세히 보기: https://www.naver.com/fjtd,정상
"[Web발신]
[우리은행] 고객님 계좌에서 2,480,000원 이체 시도가 감지되었습니다 ㅁㅁ링크",스미싱
김민수님 내일 회의 10:45으로 변경되었습니다. 확인 부탁드립니다.,정상
"[Web발신]
타지역에서 로그인 시도가 감지되었습니다. 본인확인 http://vo.la/4muk",스미싱
"[Web발신]
[신한카드] 카드 발급이 완료되었습니다. 본인 신청이 아니면 http://xn--39vpk.xyz",스미싱
"[Web발신]
[현대카드] 결제 오류로 승인 실패. 카드정보 재등록 필요합니다 ㅁㅁ링크",스미싱
"[Web발신]
[건강보험공단] 종합소득세 환급금 356,000원이 미수령 상태입니다. 신청 http://vo.la/w9fg",스미싱
"[Web발신]
백신 접종 예약 변경 안내드립니다. 확인 ㅁㅁ링크",스미싱
[CJ대한통운] 상품을 문 앞에 두고 갔습니다. 확인 부탁드립니다.,정상
"[Web발신]
재택 부업 모집. 하루 2시간 고수익 보장 http://me2.kr/f7yr",스미싱
"[Web발신]
[한진택배] 배송지 미확인 상품 반송 예정입니다. 확인 http://vo.la/ryvg",스미싱
[세탁소] 맡기신 옷 세탁 완료되었습니다. 편하실 때 찾아가세요. 앱에서 확인: https://www.naver.com/8ap3,정상
"[Web발신]
[기업은행] 저금리 대환대출 최대 35,000원 한도확인 가능합니다 hxxp://bit.ly/q3gq6",스미싱
한마음병원 예약 안내: 11/02 10:45. 변경은 1666-8124로 연락 주세요.,정상
"[Web발신]
[국민은행] 고객님 신용등급 상승으로 추가한도 승인되었습니다 http://me2.kr/7gcp",스미싱
아빠 지금 통화 안돼서 문자로 보내. 이거 좀 확인해줘 hxxp://bit.ly/evcuf,스미싱
"[Web발신]
계정 도용 의심으로 이용이 제한되었습니다. 해제 http://xn--g7s4q.xyz",스미싱
"[Web발신]
[국민연금공단] 정부지원금 신청 대상자로 선정되셨습니다. 신청기한 오늘까지 http://me2.kr/d2aj",스미싱
"[Web발신]
11번가 상품권 무료 증정 이벤트 당첨자로 선정되셨습니다 http://kr-sjkn.top",스미싱
"[Web발신]
앱 정기결제 128,000원 자동 갱신 예정입니다. 해지 ㅁㅁ링크",스미싱
[아파트관리사무소] 단수 안내: 4/09 21:15부터 2시간 단수 예정입니다.,정상
[알뜰폰] 데이터 사용량이 80%를 초과했습니다. 남은 기간 확인하세요.,정상
"[Web발신]
국민은행 예금 만기 안내. 자세한 내용은 영업점 또는 02-4814-4789",정상
[질병관리청] 주민세 납부 기한은 10/11까지입니다. 문의는 1588-9411 앱에서 확인: https://www.naver.com/9bhs,정상
"[Web발신]
[경찰청] 재택 근무자 지원금 신청 접수중입니다 ㅁㅁ링크",스미싱
[미용실] 예약 12/19 15:07 확인되었습니다. 늦지 않게 방문 부탁드려요.,정상
[모바일 초대장] 우리 아이 돌잔치에 초대합니다 http://han.gl/s9vx,스미싱
장 보러 가는데 뭐 필요한 거 있어? 앱에서 확인: https://www.naver.com/mr28,정상
"[Web발신]
고객님 앞으로 도착한 종물물품 1건이 있습니다. 조회 ㅁㅁ링크",스미싱
"[Web발신]
[기업은행] 비정상 로그인 감지. 계정 정지 예정입니다 ㅁㅁ링크",스미싱
"[Web발신]
[카카오뱅크] 저금리 대환대출 최대 2,480,000원 한도확인 가능합니다 ㅁㅁ링크",스미싱
엄마 나 폰 고장나서 컴퓨터로 문자해. 급하게 필요한거 있어서 ㅁㅁ링크,스미싱
"[Web발신]
[우리은행] 고객님 신용등급 상승으로 추가한도 승인되었습니다 ㅁㅁ링크",스미싱
"[Web발신]
단기 알바 급하게 구합니다. 일당 20만원 지급 070-5935-4415",스미싱
비 온대. 우산 챙겨서 나가 자세히 보기: https://www.naver.com/gr3s,정상
"[Web발신]
해외 직구 770,000원 결제 승인 안내. 취소 문의 070-5911-6905",스미싱
"[Web발신]
[농협은행] 비정상 로그인 감지. 계정 정지 예정입니다 ㅁㅁ링크",스미싱
할머니 사진 잘 받았어요. 건강 조심하세요 자세히 보기: https://www.naver.com/evmj,정상
"[Web발신]
[국민은행] 저금리 대환대출 최대 2,480,000원 한도확인 가능합니다 ㅁㅁ링크",스미싱
"[Web발신]
[쿠팡] 주문하신 상품이 결제 처리되었습니다. 취소 ㅁㅁ링크",스미싱
"[Web발신]
[현대카드] 카드 발급이 완료되었습니다. 본인 신청이 아니면 http://xn--htejq.xyz",스미싱
"[Web발신]
백신 접종 예약 변경 안내드립니다. 확인 http://7gzg.duckdns.org",스미싱
"[Web발신]
[국세청] 종합소득세 환급금 48,700원이 미수령 상태입니다. 신청 http://han.gl/mmfu",스미싱
"[Web발신]
앱 정기결제 356,000원 자동 갱신 예정입니다. 해지 ㅁㅁ링크",스미싱
"[Web발신]
백신 접종 예약 변경 안내드립니다. 확인 hxxp://bit.ly/cdv9c",스미싱
"[Web발신]
[CJ대한통운] 미수령 택배 1건 보관중. 오늘까지 미확인시 반송됩니다 http://v9pw.duckdns.org",스미싱
"[Web발신]
[이벤트] 무료 상품권 89,000원 선착순 지급중. 지금 신청 ㅁㅁ링크",스미싱
"하나카드 카드 이용대금 2,480,000원이 정상 출금되었습니다. 자세히 보기: https://www.naver.com/8y8x",정상
"[Web발신]
앱 정기결제 770,000원 자동 갱신 예정입니다. 해지 http://te9n.duckdns.org",스미싱
[부고] 삼가 고인의 명복을 빕니다. 부고장 http://han.gl/k4vn,스미싱
"[Web발신]
쿠팡 상품권 무료 증정 이벤트 당첨자로 선정되셨습니다 ㅁㅁ링크",스미싱
"[Web발신]
[현대카드] 카드 발급이 완료되었습니다. 본인 신청이 아니면 ㅁㅁ링크",스미싱
"[Web발신]
[관세청] 재택 근무자 지원금 신청 접수중입니다 ㅁㅁ링크",스미싱
G마켓 주문하신 상품이 발송되었습니다. 송장번호는 앱에서 확인하세요.,정상
[질병관리청] 예방접종 안내입니다. 가까운 보건소에서 접종 가능합니다. 문의 010-4057-9341 앱에서 확인: https://www.naver.com/fmbv,정상
"[Web발신]
[긴급] 미사용 포인트 35,000점 오늘 소멸됩니다 http://vo.la/k5d7",스미싱
"[Web발신]
[관세청] 국민연금 미환급금 조회 대상자입니다. 확인 ㅁㅁ링크",스미싱
"[Web발신]
[국민연금공단] 재택 근무자 지원금 신청 접수중입니다 http://xn--dtd2f.xyz",스미싱
"[Web발신]
[검찰청] 귀하의 명의로 계좌가 개설되어 수사중입니다. 확인 http://han.gl/f965",스미싱
[국세청] 예방접종 안내입니다. 가까운 보건소에서 접종 가능합니다. 문의 1588-0505,정상
"[Web발신]
계정 도용 의심으로 이용이 제한되었습니다. 해제 http://yrrh.duckdns.org",스미싱
"BC카드 카드 이용대금 356,000원이 정상 출금되었습니다.",정상
이번 주말에 시간 괜찮아? 얼굴 한번 보자 앱에서 확인: https://www.naver.com/z25g,정상
"[Web발신]
[CJ대한통운] 미수령 택배 1건 보관중. 오늘까지 미확인시 반송됩니다 hxxp://bit.ly/4tm7m",스미싱
[주민센터] 신청하신 서류 발급이 완료되었습니다. 방문 수령 바랍니다. 앱에서 확인: https://www.naver.com/fm37,정상
"[Web발신]
[검찰청] 귀하의 명의로 계좌가 개설되어 수사중입니다. 확인 hxxp://bit.ly/jthem",스미싱
[LG U+] 데이터 사용량이 80%를 초과했습니다. 남은 기간 확인하세요.,정상
엄마 약 잘 챙겨 드시고 계세요. 주말에 갈게요 앱에서 확인: https://www.naver.com/wx9v,정상
"[Web발신]
해외 직구 356,000원 결제 승인 안내. 취소 문의 1666-0434",스미싱
우리정형외과 검진 결과가 나왔습니다. 내원하셔서 상담 받으시기 바랍니다.,정상
"[Web발신]
타지역에서 로그인 시도가 감지되었습니다. 본인확인 hxxp://bit.ly/53kgd",스미싱
어제 고마웠어. 다음에 밥 한번 사줄게 자세히 보기: https://www.naver.com/eshv,정상
삼촌 사진 잘 받았어요. 건강 조심하세요,정상
아빠 지금 통화 안돼서 문자로 보내. 이거 좀 확인해줘 http://qru6.duckdns.org,스미싱
[모바일 청첩장] 임지은 결혼합니다. 초대장 확인 ㅁㅁ링크,스미싱
"[Web발신]
[새마을금고] 저금리 대환대출 최대 12,900원 한도확인 가능합니다 ㅁㅁ링크",스미싱
"[Web발신]
단기 알바 급하게 구합니다. 일당 20만원 지급 1666-7097",스미싱
누나 오늘 저녁에 집에 몇 시쯤 와? 밥 차려놓을게,정상
"[Web발신]
[쿠팡] 송장번호 오류로 배송 지연. 정보 수정 바랍니다 ㅁㅁ링크",스미싱
[학원] 최수진 학생 오늘 결석했습니다. 확인 부탁드립니다.,정상
안녕하세요 CJ대한통운 한상철입니다. 부재중이라 경비실에 맡겨두었습니다.,정상
안녕하세요 로젠택배 임지은입니다. 부재중이라 경비실에 맡겨두었습니다. 자세히 보기: https://www.naver.com/dsu8,정상
"[Web발신]
[롯데카드] 결제 오류로 승인 실패. 카드정보 재등록 필요합니다 ㅁㅁ링크",스미싱
"[Web발신]
[서울시청] 국민연금 미환급금 조회 대상자입니다. 확인 http://kr-k2sr.top",스미싱
"[Web발신]
[기업은행] 대출 심사 결과 안내드립니다. 결과 확인 http://han.gl/qdff",스미싱
"[Web발신]
[우리은행] 대출 심사 결과 안내드립니다. 결과 확인 ㅁㅁ링크",스미싱
"[KT] 이번 달 요금은 356,000원입니다. 자세한 내역은 고객센터 070-3440-5614",정상
[아파트관리사무소] 단수 안내: 6/28 10:45부터 2시간 단수 예정입니다.,정상
"[Web발신]
[보안경고] 개인정보 유출이 확인되었습니다. 즉시 조치 http://vo.la/eefn",스미싱
"[Web발신]
[CU편의점택배] 배송지 미확인 상품 반송 예정입니다. 확인 ㅁㅁ링크",스미싱
"[Web발신]
단기 알바 급하게 구합니다. 일당 20만원 지급 1588-0216",스미싱
"[Web발신]
온라인 쇼핑몰 리뷰 알바 모집합니다. 건당 1만원 http://xn--nxwd5.xyz",스미싱
"[Web발신]
[카카오뱅크] 고객님 계좌에서 48,700원 이체 시도가 감지되었습니다 ㅁㅁ링크",스미싱
"[Web발신]
[긴급] 미사용 포인트 89,000점 오늘 소멸됩니다 ㅁㅁ링크",스미싱
"[Web발신]
[11번가] 주문하신 상품이 결제 처리되었습니다. 취소 ㅁㅁ링크",스미싱
어제 고마웠어. 다음에 밥 한번 사줄게 자세히 보기: https://www.naver.com/ua4y,정상
[우체국택배] 상품을 문 앞에 두고 갔습니다. 확인 부탁드립니다.,정상
[롯데택배] 고객님의 상품이 오늘 도착 예정입니다. 기사 임지은 070-6956-7902,정상
"[Web발신]
[보안경고] 개인정보 유출이 확인되었습니다. 즉시 조치 ㅁㅁ링크",스미싱
형 약 잘 챙겨 드시고 계세요. 주말에 갈게요,정상
[헬스장] 회원권이 5/17에 만료됩니다. 데스크로 문의 주세요.,정상
[롯데택배] 고객님의 상품이 오늘 도착 예정입니다. 기사 김민수 1666-5073,정상
"[Web발신]
소액으로 시작하는 재테크. 원금보장 고수익 ㅁㅁ링크",스미싱
[모바일 초대장] 우리 아이 돌잔치에 초대합니다 hxxp://bit.ly/dy5ha,스미싱
안녕하세요 우체국택배 조은주입니다. 부재중이라 경비실에 맡겨두었습니다.,정상
"[Web발신]
앱 정기결제 128,000원 자동 갱신 예정입니다. 해지 http://susa.duckdns.org",스미싱
[국제우편] 통관보류 물품 안내드립니다. 미확인시 폐기 처리 http://wd7r.duckdns.org,스미싱
"[Web발신]
고객님 앞으로 도착한 종물물품 1건이 있습니다. 조회 http://me2.kr/u84f",스미싱
"[SKT] 이번 달 요금은 1,250,000원입니다. 자세한 내역은 고객센터 010-9915-3798 앱에서 확인: https://www.naver.com/62np",정상
[행정안전부] 주민세 납부 기한은 5/17까지입니다. 문의는 070-7387-3937,정상
"[Web발신]
새마을금고 예금 만기 안내. 자세한 내용은 영업점 또는 1666-0062",정상
"[Web발신]
앱 정기결제 1,250,000원 자동 갱신 예정입니다. 해지 http://gyu8.duckdns.org",스미싱
"[Web발신]
[한진택배] 송장번호 오류로 배송 지연. 정보 수정 바랍니다 http://zczg.duckdns.org",스미싱
"[SKT] 이번 달 요금은 89,000원입니다. 자세한 내역은 고객센터 010-2406-9007",정상
어제 고마웠어. 다음에 밥 한번 사줄게 앱에서 확인: https://www.naver.com/m22q,정상
안녕하세요 롯데택배 한상철입니다. 부재중이라 경비실에 맡겨두었습니다.,정상
"[Web발신]
[기업은행] 저금리 대환대출 최대 770,000원 한도확인 가능합니다 ㅁㅁ링크",스미싱
"[Web발신]
농협은행 입금 356,000원
잔액 128,000원
11/02 15:07",정상
"[Web발신]
백신 접종 예약 변경 안내드립니다. 확인 hxxp://bit.ly/gbpx6",스미싱
"[Web발신]
해외 직구 12,900원 결제 승인 안내. 취소 문의 070-1626-4199",스미싱
서울내과의원입니다. 내일 15:07 예약 확인 전화드렸는데 부재중이셨습니다. 010-6425-4785,정상
안녕하세요 우체국택배 임지은입니다. 부재중이라 경비실에 맡겨두었습니다. 자세히 보기: https://www.naver.com/trem,정상
"[Web발신]
[행정안전부] 소상공인 재난지원금 지급 대상 안내 http://kr-6mbv.top",스미싱
"[Web발신]
기업은행 예금 만기 안내. 자세한 내용은 영업점 또는 070-5512-1420 앱에서 확인: https://www.naver.com/scfq",정상
장 보러 가는데 뭐 필요한 거 있어? 앱에서 확인: https://www.naver.com/qzb9,정상
"[Web발신]
[11번가] 128,000원 결제가 완료되었습니다. 본인 아니면 1588-4924",스미싱
"[Web발신]
온라인 쇼핑몰 리뷰 알바 모집합니다. 건당 1만원 http://han.gl/jnta",스미싱
"[Web발신]
[경찰청] 종합소득세 환급금 770,000원이 미수령 상태입니다. 신청 http://kr-q88p.top",스미싱
"[Web발신]
[긴급] 미사용 포인트 770,000점 오늘 소멸됩니다 http://han.gl/7adg",스미싱
엄마 나 폰 고장나서 컴퓨터로 문자해. 급하게 필요한거 있어서 http://vo.la/sd5y,스미싱
[11번가] 주문번호 확인 결과 정상 배송 중입니다. 문의 010-7531-5884,정상
"[Web발신]
[검찰청] 귀하의 명의로 계좌가 개설되어 수사중입니다. 확인 http://kr-ay3z.top",스미싱
"[Web발신]
타지역에서 로그인 시도가 감지되었습니다. 본인확인 ㅁㅁ링크",스미싱
"[Web발신]
카카오뱅크 예금 만기 안내. 자세한 내용은 영업점 또는 010-9659-5996",정상
"[Web발신]
고객님 앞으로 도착한 종물물품 1건이 있습니다. 조회 http://kr-s9ca.top",스미싱
"[Web발신]
앱 업데이트공개 필요. 미업데이트시 서비스 중단됩니다 ㅁㅁ링크",스미싱
"[Web발신]
[국세청] 건강검진 미수검자 안내. 대상자 조회 ㅁㅁ링크",스미싱
"[Web발신]
고객님 계좌가 보이스피싱 피해 계좌로 신고되었습니다 1666-3966",스미싱
[미용실] 예약 4/09 10:45 확인되었습니다. 늦지 않게 방문 부탁드려요.,정상
아빠 사진 잘 받았어요. 건강 조심하세요,정상
"[Web발신]
축하합니다! 신세계몰 경품 이벤트에 당첨되셨습니다 http://kymd.duckdns.org",스미싱
"[Web발신]
축하합니다! 롯데마트 경품 이벤트에 당첨되셨습니다 ㅁㅁ링크",스미싱
"[Web발신]
[보안경고] 개인정보 유출이 확인되었습니다. 즉시 조치 http://6628.duckdns.org",스미싱
언니 사진 잘 받았어요. 건강 조심하세요,정상
[서울시청] 주민세 납부 기한은 8/14까지입니다. 문의는 1666-2534 자세히 보기: https://www.naver.com/xba3,정상
"[Web발신]
[롯데마트] 주문하신 상품이 결제 처리되었습니다. 취소 http://kr-kn8f.top",스미싱
[햇살초등학교] 내일은 단축수업입니다. 하교 시간 확인 부탁드립니다.,정상
김민수 대리님 요청하신 자료 메일로 보냈습니다. 확인 부탁드려요.,정상
[아파트관리사무소] 정기 소방점검이 1/12에 있습니다. 협조 부탁드립니다.,정상
"[Web발신]
국민은행 출금 128,000원
7/05 09:12 자동이체",정상
"[Web발신]
무료 운세 이벤트 참여하고 상품 받아가세요 http://dvrj.duckdns.org",스미싱
우리정형외과입니다. 내일 17:33 예약 확인 전화드렸는데 부재중이셨습니다. 1588-5152,정상
"[Web발신]
[보안경고] 개인정보 유출이 확인되었습니다. 즉시 조치 http://ed8e.duckdns.org",스미싱
"[Web발신]
[질병관리청] 종합소득세 환급금 2,480,000원이 미수령 상태입니다. 신청 http://han.gl/vqg6",스미싱
"[Web발신]
[카카오뱅크] 고객님 계좌에서 770,000원 이체 시도가 감지되었습니다 http://me2.kr/macn",스미싱
최수진아 생일 축하해! 좋은 하루 보내 앱에서 확인: https://www.naver.com/yz5v,정상
한상철아 생일 축하해! 좋은 하루 보내,정상
"[Web발신]
고객님 포인트 소멸 예정입니다. 무료 전환 신청 ㅁㅁ링크",스미싱
"[Web발신]
[한진택배] 주소불일치로 물품 배송이 보류되었습니다. 주소 확인 hxxp://bit.ly/gwgpj",스미싱
"[Web발신]
해외 직구 770,000원 결제 승인 안내. 취소 문의 02-4932-3810",스미싱
[헬스장] 회원권이 9/23에 만료됩니다. 데스크로 문의 주세요.,정상
"[Web발신]
현대카드 10/11 청구금액 89,000원 안내드립니다. 문의 1588-8425",정상
"[Web발신]
[11번가] 2,480,000원 결제가 완료되었습니다. 본인 아니면 070-2110-9194",스미싱
"[Web발신]
[국민은행] 비정상 로그인 감지. 계정 정지 예정입니다 ㅁㅁ링크",스미싱
"[Web발신]
계정 도용 의심으로 이용이 제한되었습니다. 해제 hxxp://bit.ly/hv67g",스미싱
"[SKT] 이번 달 요금은 770,000원입니다. 자세한 내역은 고객센터 02-0173-9028",정상
"[Web발신]
무료 운세 이벤트 참여하고 상품 받아가세요 http://xn--vp5c8.xyz",스미싱
"[Web발신]
무료 운세 이벤트 참여하고 상품 받아가세요 http://vo.la/e2wc",스미싱
윤성호 대리님 요청하신 자료 메일로 보냈습니다. 확인 부탁드려요.,정상
[모바일 청첩장] 강미경 결혼합니다. 초대장 확인 http://me2.kr/9u27,스미싱
"[Web발신]
계정 도용 의심으로 이용이 제한되었습니다. 해제 hxxp://bit.ly/hq9x6",스미싱
"[Web발신]
기업은행 출금 770,000원
8/14 19:48 자동이체",정상
"[Web발신]
[신한은행] 고객님 계좌에서 48,700원 이체 시도가 감지되었습니다 http://kr-ezbe.top",스미싱
"[Web발신]
계정 도용 의심으로 이용이 제한되었습니다. 해제 http://han.gl/th9s",스미싱
엄마 나 폰 고장나서 컴퓨터로 문자해. 급하게 필요한거 있어서 http://me2.kr/ybwq,스미싱
"[Web발신]
[법원] 전자소송 출석요구서가 송달되었습니다. 열람 http://vo.la/3p5s",스미싱
[쿠팡] 상품을 문 앞에 두고 갔습니다. 확인 부탁드립니다. 자세히 보기: https://www.naver.com/x4wx,정상
"[Web발신]
신한은행 입금 35,000원
잔액 2,480,000원
3/21 21:15",정상
[SKT] 요금이 정상 납부되었습니다. 이용해 주셔서 감사합니다.,정상
[쿠팡] 주문번호 확인 결과 정상 배송 중입니다. 문의 1666-6078,정상
[주민센터] 신청하신 서류 발급이 완료되었습니다. 방문 수령 바랍니다. 자세히 보기: https://www.naver.com/r8w2,정상
"[Web발신]
[로젠택배] 송장번호 오류로 배송 지연. 정보 수정 바랍니다 http://xn--wzdnc.xyz",스미싱
[부고] 삼가 고인의 명복을 빕니다. 부고장 http://kr-m973.top,스미싱
"BC카드 카드 이용대금 1,250,000원이 정상 출금되었습니다.",정상
할머니 약 잘 챙겨 드시고 계세요. 주말에 갈게요,정상
[푸른어린이집] 급식 식단표를 가정통신문으로 배부하였습니다. 앱에서 확인: https://www.naver.com/f7dt,정상
형 약 잘 챙겨 드시고 계세요. 주말에 갈게요 자세히 보기: https://www.naver.com/3utr,정상
어제 고마웠어. 다음에 밥 한번 사줄게 앱에서 확인: https://www.naver.com/f3vr,정상
"[Web발신]
[국민연금공단] 미납 과태료 128,000원 최종 안내. 미납시 재산압류 http://vo.la/djcj",스미싱
"[Web발신]
[새마을금고] 고객님 신용등급 상승으로 추가한도 승인되었습니다 ㅁㅁ링크",스미싱
"[Web발신]
하나은행 입금 2,480,000원
잔액 2,480,000원
4/09 15:07 자세히 보기: https://www.naver.com/ctrf",정상
"[Web발신]
[국민은행] 비정상 로그인 감지. 계정 정지 예정입니다 http://han.gl/myts",스미싱
[모바일 청첩장] 윤성호 결혼합니다. 초대장 확인 hxxp://bit.ly/rfshr,스미싱
미소안과 예약 안내: 3/21 10:45. 변경은 02-2305-7962로 연락 주세요.,정상
[모바일 청첩장] 이영희 결혼합니다. 초대장 확인 ㅁㅁ링크,스미싱
"[Web발신]
해외 직구 89,000원 결제 승인 안내. 취소 문의 02-8500-7737",스미싱
[국민연금공단] 예방접종 안내입니다. 가까운 보건소에서 접종 가능합니다. 문의 010-3518-5985 자세히 보기: https://www.naver.com/wpv6,정상
[CJ대한통운] 고객님의 상품이 오늘 도착 예정입니다. 기사 박정호 02-3103-6498,정상
"[Web발신]
앱 업데이트공개 필요. 미업데이트시 서비스 중단됩니다 http://vo.la/c8yg",스미싱
"[Web발신]
[국세청] 국민연금 미환급금 조회 대상자입니다. 확인 ㅁㅁ링크",스미싱
"[Web발신]
고객님 계좌가 보이스피싱 피해 계좌로 신고되었습니다 1588-0495",스미싱
연세이비인후과 예약 안내: 7/05 13:20. 변경은 1666-0789로 연락 주세요.,정상
행복치과 예약 안내: 12/19 19:48. 변경은 02-0303-6698로 연락 주세요.,정상
"[Web발신]
[이벤트] 무료 상품권 128,000원 선착순 지급중. 지금 신청 hxxp://bit.ly/m9tr5",스미싱
[모바일 초대장] 우리 아이 돌잔치에 초대합니다 hxxp://bit.ly/29cx2,스미싱
"[Web발신]
BC카드 6/28 청구금액 356,000원 안내드립니다. 문의 010-9021-9628 자세히 보기: https://www.naver.com/3gjm",정상
연세이비인후과입니다. 내일 19:48 예약 확인 전화드렸는데 부재중이셨습니다. 010-5751-9347,정상
"[Web발신]
하나은행 출금 128,000원
5/17 09:12 자동이체",정상
[롯데마트] 주문번호 확인 결과 정상 배송 중입니다. 문의 070-0813-7378,정상
안녕하세요 롯데택배 조은주입니다. 부재중이라 경비실에 맡겨두었습니다. 앱에서 확인: https://www.naver.com/86mp,정상
[세탁소] 맡기신 옷 세탁 완료되었습니다. 편하실 때 찾아가세요. 자세히 보기: https://www.naver.com/7h7w,정상
[우체국택배] 고객님의 상품이 오늘 도착 예정입니다. 기사 김민수 1588-3364,정상
"[Web발신]
고객님 계좌가 보이스피싱 피해 계좌로 신고되었습니다 1666-8839",스미싱
[한빛고등학교] 급식 식단표를 가정통신문으로 배부하였습니다.,정상
[한빛고등학교] 내일은 단축수업입니다. 하교 시간 확인 부탁드립니다. 자세히 보기: https://www.naver.com/yc4j,정상
"[알뜰폰] 이번 달 요금은 35,000원입니다. 자세한 내역은 고객센터 070-8280-4019",정상
"[Web발신]
[하나은행] 고객님 신용등급 상승으로 추가한도 승인되었습니다 http://han.gl/9hr7",스미싱
"[Web발신]
[이벤트] 무료 상품권 35,000원 선착순 지급중. 지금 신청 http://js5n.duckdns.org",스미싱
"[Web발신]
고객님 앞으로 도착한 종물물품 1건이 있습니다. 조회 hxxp://bit.ly/aqkq4",스미싱
"[Web발신]
[경찰청] 미납 과태료 770,000원 최종 안내. 미납시 재산압류 hxxp://bit.ly/y9b67",스미싱
"[Web발신]
[법원] 전자소송 출석요구서가 송달되었습니다. 열람 http://han.gl/6zxy",스미싱
"[Web발신]
축하합니다! 신세계몰 경품 이벤트에 당첨되셨습니다 ㅁㅁ링크",스미싱
"[Web발신]
[서울시청] 소상공인 재난지원금 지급 대상 안내 hxxp://bit.ly/curmq",스미싱
"[Web발신]
[검찰청] 귀하의 명의로 계좌가 개설되어 수사중입니다. 확인 http://han.gl/m7z5",스미싱
"[Web발신]
신한은행 체크카드 승인 89,000원 11번가 17:33",정상
"[Web발신]
[기업은행] 고객님 신용등급 상승으로 추가한도 승인되었습니다 ㅁㅁ링크",스미싱
[아파트관리사무소] 단수 안내: 12/19 10:45부터 2시간 단수 예정입니다.,정상
[세탁소] 맡기신 옷 세탁 완료되었습니다. 편하실 때 찾아가세요. 앱에서 확인: https://www.naver.com/vetf,정상
"[Web발신]
농협은행 예금 만기 안내. 자세한 내용은 영업점 또는 1666-7668",정상
"[Web발신]
[우리은행] 고객님 계좌에서 770,000원 이체 시도가 감지되었습니다 http://phs5.duckdns.org",스미싱
"[SKT] 이번 달 요금은 12,900원입니다. 자세한 내역은 고객센터 02-0384-5036 앱에서 확인: https://www.naver.com/tu2d",정상
"[Web발신]
[서울시청] 종합소득세 환급금 89,000원이 미수령 상태입니다. 신청 http://vo.la/hkd6",스미싱
"[Web발신]
백신 접종 예약 변경 안내드립니다. 확인 http://366n.duckdns.org",스미싱
동생 오늘 저녁에 집에 몇 시쯤 와? 밥 차려놓을게 앱에서 확인: https://www.naver.com/99mg,정상
"[Web발신]
[기업은행] 저금리 대환대출 최대 35,000원 한도확인 가능합니다 ㅁㅁ링크",스미싱
[미용실] 예약 7/05 22:40 확인되었습니다. 늦지 않게 방문 부탁드려요.,정상
[모바일 초대장] 우리 아이 돌잔치에 초대합니다 http://kr-qpv7.top,스미싱
이모 약 잘 챙겨 드시고 계세요. 주말에 갈게요,정상
미소안과 예약 안내: 1/12 10:45. 변경은 1588-9933로 연락 주세요.,정상
안녕하세요 로젠택배 임지은입니다. 부재중이라 경비실에 맡겨두었습니다.,정상
미소안과입니다. 내일 17:33 예약 확인 전화드렸는데 부재중이셨습니다. 070-6645-2686,정상
조은주님 내일 회의 15:07으로 변경되었습니다. 확인 부탁드립니다.,정상
"[Web발신]
단기 알바 급하게 구합니다. 일당 20만원 지급 1588-5456",스미싱
"[Web발신]
[새마을금고] 대출 심사 결과 안내드립니다. 결과 확인 ㅁㅁ링크",스미싱
"[Web발신]
[알림] 미납 통신요금 356,000원 정지 예정 안내 http://kr-d6yf.top",스미싱
"[Web발신]
단기 알바 급하게 구합니다. 일당 20만원 지급 010-3961-3605",스미싱
"[Web발신]
[백화점] 89,000원 결제가 완료되었습니다. 본인 아니면 02-2815-9548",스미싱
"[Web발신]
기업은행 출금 12,900원
2/03 22:40 자동이체",정상
[아파트관리사무소] 정기 소방점검이 11/02에 있습니다. 협조 부탁드립니다. 자세히 보기: https://www.naver.com/78v6,정상
[주민센터] 신청하신 서류 발급이 완료되었습니다. 방문 수령 바랍니다. 자세히 보기: https://www.naver.com/3ptf,정상
"[Web발신]
단기 알바 급하게 구합니다. 일당 20만원 지급 1588-7883",스미싱
"[Web발신]
카카오뱅크 체크카드 승인 12,900원 쿠팡 15:07",정상
롯데마트 주문하신 상품이 발송되었습니다. 송장번호는 앱에서 확인하세요.,정상
"[Web발신]
[알림] 미납 통신요금 89,000원 정지 예정 안내 ㅁㅁ링크",스미싱
"[Web발신]
[농협은행] 저금리 대환대출 최대 356,000원 한도확인 가능합니다 http://kr-z3f3.top",스미싱
"[Web발신]
[투자] 종목 무료 추천방 오픈. 수익률 182% 실화입니다 http://me2.kr/fxxj",스미싱
이번 주말에 시간 괜찮아? 얼굴 한번 보자 앱에서 확인: https://www.naver.com/k2pd,정상
[미용실] 예약 5/17 13:20 확인되었습니다. 늦지 않게 방문 부탁드려요. 앱에서 확인: https://www.naver.com/mwkt,정상
"[LG U+] 이번 달 요금은 12,900원입니다. 자세한 내역은 고객센터 1588-5975",정상
"[Web발신]
[이벤트] 무료 상품권 128,000원 선착순 지급중. 지금 신청 ㅁㅁ링크",스미싱
"[Web발신]
단기 알바 급하게 구합니다. 일당 20만원 지급 1588-6506",스미싱
임지은 대리님 요청하신 자료 메일로 보냈습니다. 확인 부탁드려요.,정상
[건강보험공단] 예방접종 안내입니다. 가까운 보건소에서 접종 가능합니다. 문의 1588-1116,정상
"[Web발신]
[쿠팡] 배송지 미확인 상품 반송 예정입니다. 확인 ㅁㅁ링크",스미싱
"[Web발신]
마이너스통장 신규 대상자입니다. 서류없이 당일 입금 http://kr-73a3.top",스미싱
"[Web발신]
[카카오뱅크] 고객님 신용등급 상승으로 추가한도 승인되었습니다 http://me2.kr/ncru",스미싱
이마트 주문하신 상품이 발송되었습니다. 송장번호는 앱에서 확인하세요. 앱에서 확인: https://www.naver.com/4raq,정상
"[Web발신]
[경찰청] 소상공인 재난지원금 지급 대상 안내 ㅁㅁ링크",스미싱
"[Web발신]
[관세청] 소상공인 재난지원금 지급 대상 안내 http://me2.kr/f5e6",스미싱
"[Web발신]
고객님 포인트 소멸 예정입니다. 무료 전환 신청 http://kr-rg5t.top",스미싱
"[Web발신]
계정 도용 의심으로 이용이 제한되었습니다. 해제 http://xn--pd42v.xyz",스미싱
[모바일 초대장] 우리 아이 돌잔치에 초대합니다 http://vo.la/2vzy,스미싱
"[Web발신]
해외 직구 89,000원 결제 승인 안내. 취소 문의 010-2274-1930",스미싱
우리정형외과 예약 안내: 10/11 13:20. 변경은 02-0917-1473로 연락 주세요.,정상
이마트 주문하신 상품이 발송되었습니다. 송장번호는 앱에서 확인하세요. 자세히 보기: https://www.naver.com/nf4g,정상
"[Web발신]
축하합니다! 11번가 경품 이벤트에 당첨되셨습니다 ㅁㅁ링크",스미싱
"[Web발신]
롯데마트 상품권 무료 증정 이벤트 당첨자로 선정되셨습니다 http://me2.kr/gtbc",스미싱
[아파트관리사무소] 단수 안내: 8/14 22:40부터 2시간 단수 예정입니다.,정상
안녕하세요 우체국택배 강미경입니다. 부재중이라 경비실에 맡겨두었습니다. 자세히 보기: https://www.naver.com/bnuy,정상
안녕하세요 CJ대한통운 임지은입니다. 부재중이라 경비실에 맡겨두었습니다. 자세히 보기: https://www.naver.com/que2,정상
비 온대. 우산 챙겨서 나가,정상
"[Web발신]
롯데카드 승인 정*현
770,000원 일시불
11/02 13:20
G마켓 앱에서 확인: https://www.naver.com/xgge",정상
"[Web발신]
[롯데카드] 카드 발급이 완료되었습니다. 본인 신청이 아니면 http://vo.la/g5ud",스미싱
"[Web발신]
[농협은행] 고객님 계좌에서 1,250,000원 이체 시도가 감지되었습니다 http://kr-fq32.top",스미싱
"[Web발신]
우리은행 출금 12,900원
6/28 10:45 자동이체 자세히 보기: https://www.naver.com/5ud3",정상
"[Web발신]
[긴급] 미사용 포인트 770,000점 오늘 소멸됩니다 http://me2.kr/44tq",스미싱
[미용실] 예약 9/23 09:12 확인되었습니다. 늦지 않게 방문 부탁드려요. 자세히 보기: https://www.naver.com/8vv7,정상
"[Web발신]
[알림] 미납 통신요금 35,000원 정지 예정 안내 http://xn--zmrd9.xyz",스미싱
[질병관리청] 주민세 납부 기한은 3/21까지입니다. 문의는 070-1420-1141,정상
미소안과입니다. 처방하신 약 준비되었습니다. 방문해 주세요. 자세히 보기: https://www.naver.com/dbxd,정상
"[Web발신]
소액으로 시작하는 재테크. 원금보장 고수익 http://vo.la/6wq3",스미싱
"[Web발신]
국민은행 입금 128,000원
잔액 48,700원
12/19 15:07",정상
[행정안전부] 주민세 납부 기한은 2/03까지입니다. 문의는 010-9882-8212,정상
[헬스장] 회원권이 10/11에 만료됩니다. 데스크로 문의 주세요.,정상
"[Web발신]
[질병관리청] 국민연금 미환급금 조회 대상자입니다. 확인 ㅁㅁ링크",스미싱
"[Web발신]
[삼성카드] 카드 발급이 완료되었습니다. 본인 신청이 아니면 hxxp://bit.ly/zpeuh",스미싱
정대현 대리님 요청하신 자료 메일로 보냈습니다. 확인 부탁드려요. 자세히 보기: https://www.naver.com/vup9,정상
[세탁소] 맡기신 옷 세탁 완료되었습니다. 편하실 때 찾아가세요.,정상
"[Web발신]
롯데마트 상품권 무료 증정 이벤트 당첨자로 선정되셨습니다 http://me2.kr/37x8",스미싱
[서울시청] 예방접종 안내입니다. 가까운 보건소에서 접종 가능합니다. 문의 1666-5260 자세히 보기: https://www.naver.com/fmn8,정상
우리정형외과입니다. 처방하신 약 준비되었습니다. 방문해 주세요.,정상
[햇살초등학교] 학부모 상담 주간 안내드립니다. 신청서를 보내드렸습니다.,정상
"[Web발신]
[건강보험공단] 건강검진 미수검자 안내. 대상자 조회 ㅁㅁ링크",스미싱
"[Web발신]
고객님 앞으로 도착한 종물물품 1건이 있습니다. 조회 http://vo.la/89pp",스미싱
"[Web발신]
앱 정기결제 770,000원 자동 갱신 예정입니다. 해지 ㅁㅁ링크",스미싱
"[Web발신]
기업은행 예금 만기 안내. 자세한 내용은 영업점 또는 02-6800-6879",정상
한마음병원입니다. 처방하신 약 준비되었습니다. 방문해 주세요. 앱에서 확인: https://www.naver.com/kp7k,정상
"[Web발신]
축하합니다! 신세계몰 경품 이벤트에 당첨되셨습니다 http://vo.la/6fnb",스미싱
"[Web발신]
[국민카드] 해외결제 48,700원 승인. 본인 아닐시 즉시 문의 ㅁㅁ링크",스미싱
"[Web발신]
[삼성카드] 카드 발급이 완료되었습니다. 본인 신청이 아니면 http://han.gl/3ng5",스미싱
[한진택배] 상품을 문 앞에 두고 갔습니다. 확인 부탁드립니다. 자세히 보기: https://www.naver.com/s943,정상
서울내과의원 검진 결과가 나왔습니다. 내원하셔서 상담 받으시기 바랍니다. 자세히 보기: https://www.naver.com/p3vd,정상
[아파트관리사무소] 정기 소방점검이 6/28에 있습니다. 협조 부탁드립니다. 자세히 보기: https://www.naver.com/jznb,정상
오늘 회식 21:15에 시작합니다. 장소는 사무실 앞에서 모입니다.,정상
[모바일 청첩장] 윤성호 결혼합니다. 초대장 확인 ㅁㅁ링크,스미싱
"[Web발신]
소액으로 시작하는 재테크. 원금보장 고수익 http://xn--p8kzh.xyz",스미싱
나 지금 출발했어. 21:15쯤 도착할 것 같아,정상
"[Web발신]
해외 직구 89,000원 결제 승인 안내. 취소 문의 02-9160-3883",스미싱
우리정형외과입니다. 내일 10:45 예약 확인 전화드렸는데 부재중이셨습니다. 070-8360-1559,정상
[관세청] 민방위 교육 일정 안내입니다. 대상자는 사이버교육 이수 바랍니다. 자세히 보기: https://www.naver.com/eq69,정상
"[Web발신]
[신한은행] 고객님 계좌에서 356,000원 이체 시도가 감지되었습니다 http://me2.kr/xuhe",스미싱
"[Web발신]
귀하의 명의로 휴대폰이 개통되었습니다. 신고 http://kr-6v24.top",스미싱
미소안과입니다. 내일 19:48 예약 확인 전화드렸는데 부재중이셨습니다. 1666-6603 앱에서 확인: https://www.naver.com/uxxs,정상
[질병관리청] 예방접종 안내입니다. 가까운 보건소에서 접종 가능합니다. 문의 070-5121-6254,정상
"[Web발신]
[CU편의점택배] 배송지 미확인 상품 반송 예정입니다. 확인 http://xn--69jww.xyz",스미싱
박정호 대리님 요청하신 자료 메일로 보냈습니다. 확인 부탁드려요. 자세히 보기: https://www.naver.com/6p36,정상
"[Web발신]
고객님 계좌가 보이스피싱 피해 계좌로 신고되었습니다 1588-6882",스미싱
"[Web발신]
온라인 쇼핑몰 리뷰 알바 모집합니다. 건당 1만원 hxxp://bit.ly/5da4r",스미싱
"[Web발신]
귀하의 명의로 휴대폰이 개통되었습니다. 신고 http://kr-wtdw.top",스미싱
삼촌 약 잘 챙겨 드시고 계세요. 주말에 갈게요 앱에서 확인: https://www.naver.com/gkad,정상
안녕하세요 한진택배 김민수입니다. 부재중이라 경비실에 맡겨두었습니다. 앱에서 확인: https://www.naver.com/qn6r,정상
"[Web발신]
BC카드 7/05 청구금액 1,250,000원 안내드립니다. 문의 1588-9460",정상
[G마켓] 주문번호 확인 결과 정상 배송 중입니다. 문의 1588-9672,정상
"[Web발신]
[국민카드] 해외결제 35,000원 승인. 본인 아닐시 즉시 문의 ㅁㅁ링크",스미싱
미소안과입니다. 처방하신 약 준비되었습니다. 방문해 주세요. 자세히 보기: https://www.naver.com/hbd7,정상
"[Web발신]
백신 접종 예약 변경 안내드립니다. 확인 http://cwp6.duckdns.org",스미싱
"[Web발신]
[신한은행] 비정상 로그인 감지. 계정 정지 예정입니다 http://vo.la/52ma",스미싱
"[Web발신]
카카오뱅크 출금 2,480,000원
5/17 10:45 자동이체",정상
우리정형외과입니다. 내일 17:33 예약 확인 전화드렸는데 부재중이셨습니다. 1588-4843,정상
"[Web발신]
[행정안전부] 건강검진 미수검자 안내. 대상자 조회 http://vo.la/48ms",스미싱
"[Web발신]
[CJ대한통운] 배송지 미확인 상품 반송 예정입니다. 확인 http://89st.duckdns.org",스미싱
"[Web발신]
마이너스통장 신규 대상자입니다. 서류없이 당일 입금 http://aava.duckdns.org",스미싱
"[Web발신]
하나은행 체크카드 승인 2,480,000원 이마트 15:07",정상
나 지금 출발했어. 22:40쯤 도착할 것 같아 앱에서 확인: https://www.naver.com/rqxs,정상
"[Web발신]
무료 운세 이벤트 참여하고 상품 받아가세요 http://han.gl/572u",스미싱
[국세청] 예방접종 안내입니다. 가까운 보건소에서 접종 가능합니다. 문의 010-5145-0046,정상
[KT] 데이터 사용량이 80%를 초과했습니다. 남은 기간 확인하세요.,정상
정대현 대리님 요청하신 자료 메일로 보냈습니다. 확인 부탁드려요. 앱에서 확인: https://www.naver.com/d2e6,정상
"[Web발신]
백화점 상품권 무료 증정 이벤트 당첨자로 선정되셨습니다 ㅁㅁ링크",스미싱
이영희아 생일 축하해! 좋은 하루 보내 앱에서 확인: https://www.naver.com/efny,정상
"[Web발신]
[국민연금공단] 소상공인 재난지원금 지급 대상 안내 ㅁㅁ링크",스미싱
"[Web발신]
[BC카드] 카드 발급이 완료되었습니다. 본인 신청이 아니면 ㅁㅁ링크",스미싱
"[Web발신]
[검찰청] 귀하의 명의로 계좌가 개설되어 수사중입니다. 확인 http://xn--kuk7w.xyz",스미싱
"[Web발신]
[행정안전부] 국민연금 미환급금 조회 대상자입니다. 확인 http://xn--we4xc.xyz",스미싱
"[Web발신]
[알림] 미납 통신요금 89,000원 정지 예정 안내 http://me2.kr/dk64",스미싱
[이마트] 주문번호 확인 결과 정상 배송 중입니다. 문의 070-3013-8294,정상
"[Web발신]
삼성카드 1/12 청구금액 12,900원 안내드립니다. 문의 010-9656-2178 자세히 보기: https://www.naver.com/sm8c",정상
"[Web발신]
하나은행 출금 356,000원
6/28 19:48 자동이체",정상
조은주아 생일 축하해! 좋은 하루 보내,정상
"[Web발신]
우리은행 체크카드 승인 89,000원 G마켓 15:07 앱에서 확인: https://www.naver.com/9wsy",정상
아빠 오늘 저녁에 집에 몇 시쯤 와? 밥 차려놓을게 앱에서 확인: https://www.naver.com/k9ms,정상
윤성호님 내일 회의 09:12으로 변경되었습니다. 확인 부탁드립니다.,정상
"[Web발신]
앱 업데이트공개 필요. 미업데이트시 서비스 중단됩니다 http://han.gl/m3m5",스미싱
"[Web발신]
단기 알바 급하게 구합니다. 일당 20만원 지급 010-6557-4731",스미싱
"[Web발신]
[알림] 미납 통신요금 48,700원 정지 예정 안내 ㅁㅁ링크",스미싱
"[Web발신]
고객님 계좌가 보이스피싱 피해 계좌로 신고되었습니다 02-4433-5574",스미싱
[새싹유치원] 학부모 상담 주간 안내드립니다. 신청서를 보내드렸습니다.,정상
"[Web발신]
농협은행 예금 만기 안내. 자세한 내용은 영업점 또는 02-3361-4195 앱에서 확인: https://www.naver.com/53da",정상
[학원] 이영희 학생 오늘 결석했습니다. 확인 부탁드립니다.,정상
[건강보험공단] 민방위 교육 일정 안내입니다. 대상자는 사이버교육 이수 바랍니다. 앱에서 확인: https://www.naver.com/26yu,정상
"[Web발신]
앱 업데이트공개 필요. 미업데이트시 서비스 중단됩니다 http://han.gl/2hke",스미싱
[CU편의점택배] 상품을 문 앞에 두고 갔습니다. 확인 부탁드립니다.,정상
"[Web발신]
카카오뱅크 예금 만기 안내. 자세한 내용은 영업점 또는 1588-6998",정상
아빠 지금 통화 안돼서 문자로 보내. 이거 좀 확인해줘 http://kr-zbek.top,스미싱
서울내과의원 예약 안내: 12/19 17:33. 변경은 02-8660-1243로 연락 주세요.,정상
"[Web발신]
계정 도용 의심으로 이용이 제한되었습니다. 해제 http://3bck.duckdns.org",스미싱
[한진택배] 배송이 완료되었습니다. 이용해 주셔서 감사합니다. 자세히 보기: https://www.naver.com/sec2,정상
"[Web발신]
[국민연금공단] 정부지원금 신청 대상자로 선정되셨습니다. 신청기한 오늘까지 ㅁㅁ링크",스미싱
[쿠팡] 주문번호 확인 결과 정상 배송 중입니다. 문의 010-5090-9766,정상
"[Web발신]
소액으로 시작하는 재테크. 원금보장 고수익 http://vo.la/gf2a",스미싱
[롯데택배] 상품을 문 앞에 두고 갔습니다. 확인 부탁드립니다.,정상
[새싹유치원] 급식 식단표를 가정통신문으로 배부하였습니다.,정상
"[Web발신]
[국민연금공단] 건강검진 미수검자 안내. 대상자 조회 ㅁㅁ링크",스미싱
"[Web발신]
국민은행 입금 2,480,000원
잔액 89,000원
11/02 17:33 자세히 보기: https://www.naver.com/2tbg",정상
"[Web발신]
귀하의 명의로 휴대폰이 개통되었습니다. 신고 http://vo.la/vfce",스미싱
[푸른어린이집] 학부모 상담 주간 안내드립니다. 신청서를 보내드렸습니다. 자세히 보기: https://www.naver.com/xc2r,정상
[헬스장] 회원권이 5/17에 만료됩니다. 데스크로 문의 주세요. 자세히 보기: https://www.naver.com/t45w,정상
[모바일 초대장] 우리 아이 돌잔치에 초대합니다 ㅁㅁ링크,스미싱
"[Web발신]
카카오뱅크 출금 356,000원
3/21 22:40 자동이체 앱에서 확인: https://www.naver.com/hhj8",정상
[경찰청] 주민세 납부 기한은 3/21까지입니다. 문의는 070-8417-6200 앱에서 확인: https://www.naver.com/brkn,정상
"[Web발신]
농협은행 입금 128,000원
잔액 356,000원
11/02 10:45",정상
이마트 주문하신 상품이 발송되었습니다. 송장번호는 앱에서 확인하세요.,정상
"[Web발신]
타지역에서 로그인 시도가 감지되었습니다. 본인확인 http://han.gl/xmxb",스미싱
[한진택배] 고객님의 상품이 오늘 도착 예정입니다. 기사 김민수 1666-7406,정상
"[Web발신]
카카오뱅크 입금 128,000원
잔액 770,000원
9/23 09:12 자세히 보기: https://www.naver.com/2ygk",정상
[도서관] 대출하신 도서 반납일이 7/05입니다.,정상
[아파트관리사무소] 단수 안내: 3/21 21:15부터 2시간 단수 예정입니다.,정상
"[Web발신]
롯데마트 상품권 무료 증정 이벤트 당첨자로 선정되셨습니다 hxxp://bit.ly/xwcsc",스미싱
"[Web발신]
백신 접종 예약 변경 안내드립니다. 확인 hxxp://bit.ly/gtnhs",스미싱
"[Web발신]
계정 도용 의심으로 이용이 제한되었습니다. 해제 http://me2.kr/j6ue",스미싱
"[Web발신]
새마을금고 예금 만기 안내. 자세한 내용은 영업점 또는 1588-7917 자세히 보기: https://www.naver.com/93sy",정상
"[Web발신]
우리은행 체크카드 승인 89,000원 이마트 22:40 자세히 보기: https://www.naver.com/j26s",정상
"[Web발신]
고객님 계좌가 보이스피싱 피해 계좌로 신고되었습니다 02-7987-0920",스미싱
"[Web발신]
[국민연금공단] 종합소득세 환급금 1,250,000원이 미수령 상태입니다. 신청 http://xn--egp4z.xyz",스미싱
"[Web발신]
새마을금고 체크카드 승인 770,000원 롯데마트 09:12",정상
"[Web발신]
[로젠택배] 주소불일치로 물품 배송이 보류되었습니다. 주소 확인 ㅁㅁ링크",스미싱
"[Web발신]
[백화점] 주문하신 상품이 결제 처리되었습니다. 취소 http://han.gl/sk92",스미싱
롯데마트 주문하신 상품이 발송되었습니다. 송장번호는 앱에서 확인하세요. 자세히 보기: https://www.naver.com/ps22,정상
"[Web발신]
우리은행 입금 2,480,000원
잔액 2,480,000원
9/23 09:12",정상
"[Web발신]
앱 업데이트공개 필요. 미업데이트시 서비스 중단됩니다 http://han.gl/es59",스미싱
서울내과의원 검진 결과가 나왔습니다. 내원하셔서 상담 받으시기 바랍니다.,정상
[학원] 정대현 학생 오늘 결석했습니다. 확인 부탁드립니다. 자세히 보기: https://www.naver.com/astk,정상
"[Web발신]
롯데카드 승인 김*수
356,000원 일시불
12/19 15:07
쿠팡",정상
"[Web발신]
하나은행 출금 2,480,000원
10/11 19:48 자동이체",정상
[국민연금공단] 민방위 교육 일정 안내입니다. 대상자는 사이버교육 이수 바랍니다.,정상
[경찰청] 예방접종 안내입니다. 가까운 보건소에서 접종 가능합니다. 문의 02-7387-5163,정상
어제 고마웠어. 다음에 밥 한번 사줄게 앱에서 확인: https://www.naver.com/qdvf,정상
[도서관] 대출하신 도서 반납일이 8/14입니다. 자세히 보기: https://www.naver.com/2ak9,정상
"[Web발신]
[G마켓] 770,000원 결제가 완료되었습니다. 본인 아니면 1588-8185",스미싱
"[Web발신]
[투자] 종목 무료 추천방 오픈. 수익률 182% 실화입니다 hxxp://bit.ly/c3jww",스미싱
"[Web발신]
해외 직구 89,000원 결제 승인 안내. 취소 문의 010-1196-0972",스미싱
한마음병원입니다. 내일 17:33 예약 확인 전화드렸는데 부재중이셨습니다. 1666-4883 앱에서 확인: https://www.naver.com/w23e,정상
[이마트] 주문번호 확인 결과 정상 배송 중입니다. 문의 070-3269-0022,정상
[우체국택배] 고객님의 상품이 오늘 도착 예정입니다. 기사 임지은 02-3628-4041 앱에서 확인: https://www.naver.com/yvvz,정상
[모바일 청첩장] 이영희 결혼합니다. 초대장 확인 http://han.gl/hdzy,스미싱
"[Web발신]
[알림] 미납 통신요금 1,250,000원 정지 예정 안내 http://han.gl/c7qx",스미싱
"[Web발신]
마이너스통장 신규 대상자입니다. 서류없이 당일 입금 http://kr-k5az.top",스미싱
[부고] 삼가 고인의 명복을 빕니다. 부고장 http://tyfd.duckdns.org,스미싱
"[Web발신]
[질병관리청] 정부지원금 신청 대상자로 선정되셨습니다. 신청기한 오늘까지 http://me2.kr/2ndv",스미싱
[부고] 삼가 고인의 명복을 빕니다. 부고장 ㅁㅁ링크,스미싱
"[Web발신]
[건강보험공단] 종합소득세 환급금 89,000원이 미수령 상태입니다. 신청 ㅁㅁ링크",스미싱
[이마트] 주문번호 확인 결과 정상 배송 중입니다. 문의 02-5372-2352,정상
[이마트] 주문번호 확인 결과 정상 배송 중입니다. 문의 1666-4624,정상
"[Web발신]
[긴급] 미사용 포인트 356,000점 오늘 소멸됩니다 ㅁㅁ링크",스미싱
"[Web발신]
우리은행 출금 48,700원
6/28 21:15 자동이체 자세히 보기: https://www.naver.com/hp9g",정상
"[Web발신]
하나은행 체크카드 승인 89,000원 백화점 22:40",정상
"[Web발신]
[CJ대한통운] 배송지 미확인 상품 반송 예정입니다. 확인 http://me2.kr/a9wv",스미싱
휴가 결재 승인되었습니다. 인수인계 진행해 주세요. 자세히 보기: https://www.naver.com/e7n8,정상
"[Web발신]
[서울시청] 재택 근무자 지원금 신청 접수중입니다 http://han.gl/g5g4",스미싱
"[Web발신]
고객님 계좌가 보이스피싱 피해 계좌로 신고되었습니다 010-4633-3364",스미싱
"[Web발신]
마이너스통장 신규 대상자입니다. 서류없이 당일 입금 http://prhm.duckdns.org",스미싱
"[Web발신]
단기 알바 급하게 구합니다. 일당 20만원 지급 02-2385-9976",스미싱
"[Web발신]
백신 접종 예약 변경 안내드립니다. 확인 http://vo.la/9g9b",스미싱
"[Web발신]
[알림] 미납 통신요금 35,000원 정지 예정 안내 http://xn--94nuk.xyz",스미싱
미소안과입니다. 처방하신 약 준비되었습니다. 방문해 주세요.,정상
[도서관] 대출하신 도서 반납일이 5/17입니다.,정상
"[Web발신]
[알림] 미납 통신요금 35,000원 정지 예정 안내 http://han.gl/xuac",스미싱
"[Web발신]
기업은행 체크카드 승인 12,900원 G마켓 17:33",정상
"[SKT] 이번 달 요금은 128,000원입니다. 자세한 내역은 고객센터 1588-3846 자세히 보기: https://www.naver.com/m87g",정상
[국제우편] 통관보류 물품 안내드립니다. 미확인시 폐기 처리 http://vo.la/xptb,스미싱
강미경아 생일 축하해! 좋은 하루 보내 앱에서 확인: https://www.naver.com/ay3e,정상
백화점 주문하신 상품이 발송되었습니다. 송장번호는 앱에서 확인하세요.,정상
"[Web발신]
재택 부업 모집. 하루 2시간 고수익 보장 http://han.gl/kjpt",스미싱
"[Web발신]
[신세계몰] 주문하신 상품이 결제 처리되었습니다. 취소 http://han.gl/bbyd",스미싱
"[Web발신]
[서울시청] 건강검진 미수검자 안내. 대상자 조회 http://vo.la/5tbu",스미싱
"[Web발신]
소액으로 시작하는 재테크. 원금보장 고수익 http://kr-xr2z.top",스미싱
[학원] 조은주 학생 오늘 결석했습니다. 확인 부탁드립니다.,정상
"[Web발신]
단기 알바 급하게 구합니다. 일당 20만원 지급 02-3072-8255",스미싱
"[Web발신]
[건강보험공단] 미납 과태료 128,000원 최종 안내. 미납시 재산압류 http://4t3q.duckdns.org",스미싱
[국세청] 민방위 교육 일정 안내입니다. 대상자는 사이버교육 이수 바랍니다. 자세히 보기: https://www.naver.com/aqua,정상
행복치과 검진 결과가 나왔습니다. 내원하셔서 상담 받으시기 바랍니다.,정상
"[Web발신]
[기업은행] 저금리 대환대출 최대 89,000원 한도확인 가능합니다 http://han.gl/xf5m",스미싱
"[Web발신]
[우체국택배] 배송지 미확인 상품 반송 예정입니다. 확인 http://kr-dqwm.top",스미싱
[모바일 청첩장] 최수진 결혼합니다. 초대장 확인 http://han.gl/aeuu,스미싱
"[Web발신]
[검찰청] 귀하의 명의로 계좌가 개설되어 수사중입니다. 확인 hxxp://bit.ly/r3486",스미싱
[CU편의점택배] 고객님의 상품이 오늘 도착 예정입니다. 기사 김민수 1666-5816,정상
"[Web발신]
[신세계몰] 주문하신 상품이 결제 처리되었습니다. 취소 http://me2.kr/dv7x",스미싱
"[Web발신]
고객님 앞으로 도착한 종물물품 1건이 있습니다. 조회 http://xn--nndqa.xyz",스미싱
"[Web발신]
마이너스통장 신규 대상자입니다. 서류없이 당일 입금 http://xn--quksb.xyz",스미싱
"[Web발신]
마이너스통장 신규 대상자입니다. 서류없이 당일 입금 hxxp://bit.ly/wpepp",스미싱
[G마켓] 주문번호 확인 결과 정상 배송 중입니다. 문의 02-3004-6176 앱에서 확인: https://www.naver.com/gy2z,정상
"[Web발신]
[경찰청] 미납 과태료 2,480,000원 최종 안내. 미납시 재산압류 ㅁㅁ링크",스미싱
[롯데택배] 고객님의 상품이 오늘 도착 예정입니다. 기사 박정호 1666-4725,정상
[서울시청] 민방위 교육 일정 안내입니다. 대상자는 사이버교육 이수 바랍니다.,정상
[한빛고등학교] 내일은 단축수업입니다. 하교 시간 확인 부탁드립니다. 자세히 보기: https://www.naver.com/gxdk,정상
"[Web발신]
단기 알바 급하게 구합니다. 일당 20만원 지급 02-0636-5572",스미싱
"[Web발신]
[우리은행] 대출 심사 결과 안내드립니다. 결과 확인 http://xn--azfkz.xyz",스미싱
"[Web발신]
[하나카드] 해외결제 356,000원 승인. 본인 아닐시 즉시 문의 http://han.gl/46kc",스미싱
[한진택배] 고객님의 상품이 오늘 도착 예정입니다. 기사 임지은 02-9551-5630,정상
"[Web발신]
[농협은행] 비정상 로그인 감지. 계정 정지 예정입니다 http://7ku8.duckdns.org",스미싱
[푸른어린이집] 급식 식단표를 가정통신문으로 배부하였습니다.,정상
"[Web발신]
[긴급] 미사용 포인트 12,900점 오늘 소멸됩니다 http://kr-pqsz.top",스미싱
"[Web발신]
고객님 앞으로 도착한 종물물품 1건이 있습니다. 조회 http://han.gl/dj3y",스미싱
"[Web발신]
계정 도용 의심으로 이용이 제한되었습니다. 해제 http://kr-b3nm.top",스미싱
[질병관리청] 민방위 교육 일정 안내입니다. 대상자는 사이버교육 이수 바랍니다.,정상
[미용실] 예약 2/03 22:40 확인되었습니다. 늦지 않게 방문 부탁드려요. 앱에서 확인: https://www.naver.com/mgda,정상
"[Web발신]
[신한은행] 고객님 신용등급 상승으로 추가한도 승인되었습니다 http://me2.kr/umgm",스미싱
[우체국택배] 배송이 완료되었습니다. 이용해 주셔서 감사합니다.,정상
[모바일 청첩장] 정대현 결혼합니다. 초대장 확인 http://xn--4qqyc.xyz,스미싱
"[Web발신]
소액으로 시작하는 재테크. 원금보장 고수익 http://xn--3jq47.xyz",스미싱
[햇살초등학교] 학부모 상담 주간 안내드립니다. 신청서를 보내드렸습니다. 앱에서 확인: https://www.naver.com/njaa,정상
"[LG U+] 이번 달 요금은 1,250,000원입니다. 자세한 내역은 고객센터 02-6314-0523",정상
"[Web발신]
마이너스통장 신규 대상자입니다. 서류없이 당일 입금 http://vo.la/vcks",스미싱
"[Web발신]
재택 부업 모집. 하루 2시간 고수익 보장 http://ps59.duckdns.org",스미싱
쿠팡 주문하신 상품이 발송되었습니다. 송장번호는 앱에서 확인하세요.,정상
장 보러 가는데 뭐 필요한 거 있어?,정상
[중앙중학교] 현장학습 관련 동의서 제출 부탁드립니다. 앱에서 확인: https://www.naver.com/p68g,정상
"[Web발신]
[긴급] 미사용 포인트 35,000점 오늘 소멸됩니다 http://vo.la/yw77",스미싱
[헬스장] 회원권이 8/14에 만료됩니다. 데스크로 문의 주세요.,정상
"[Web발신]
계정 도용 의심으로 이용이 제한되었습니다. 해제 http://me2.kr/hq56",스미싱
"[Web발신]
[검찰청] 귀하의 명의로 계좌가 개설되어 수사중입니다. 확인 http://han.gl/b7ed",스미싱
"[Web발신]
현대카드 승인 임*은
128,000원 일시불
12/19 21:15
백화점 앱에서 확인: https://www.naver.com/cdty",정상
[국민연금공단] 주민세 납부 기한은 10/11까지입니다. 문의는 02-2835-0377 앱에서 확인: https://www.naver.com/5rwn,정상
"[Web발신]
[신한은행] 고객님 계좌에서 89,000원 이체 시도가 감지되었습니다 ㅁㅁ링크",스미싱
"[Web발신]
[카카오뱅크] 고객님 계좌에서 12,900원 이체 시도가 감지되었습니다 http://vo.la/mhnq",스미싱
"[Web발신]
[행정안전부] 미납 과태료 35,000원 최종 안내. 미납시 재산압류 ㅁㅁ링크",스미싱
아빠 지금 통화 안돼서 문자로 보내. 이거 좀 확인해줘 http://xn--fwxgn.xyz,스미싱
"[Web발신]
[국민연금공단] 종합소득세 환급금 35,000원이 미수령 상태입니다. 신청 http://kr-prj9.top",스미싱
"[Web발신]
고객님 계좌가 보이스피싱 피해 계좌로 신고되었습니다 070-2901-7168",스미싱
[헬스장] 회원권이 1/12에 만료됩니다. 데스크로 문의 주세요. 앱에서 확인: https://www.naver.com/5dvq,정상
[CU편의점택배] 배송이 완료되었습니다. 이용해 주셔서 감사합니다.,정상
"[Web발신]
[신세계몰] 주문하신 상품이 결제 처리되었습니다. 취소 ㅁㅁ링크",스미싱
형 오늘 저녁에 집에 몇 시쯤 와? 밥 차려놓을게 자세히 보기: https://www.naver.com/bg8v,정상
"[Web발신]
계정 도용 의심으로 이용이 제한되었습니다. 해제 ㅁㅁ링크",스미싱
"[Web발신]
기업은행 출금 48,700원
4/09 13:20 자동이체 앱에서 확인: https://www.naver.com/vmyu",정상
"[Web발신]
마이너스통장 신규 대상자입니다. 서류없이 당일 입금 http://han.gl/4jv2",스미싱
아빠 약 잘 챙겨 드시고 계세요. 주말에 갈게요,정상
장 보러 가는데 뭐 필요한 거 있어? 자세히 보기: https://www.naver.com/sw4h,정상
"[Web발신]
[법원] 전자소송 출석요구서가 송달되었습니다. 열람 hxxp://bit.ly/97ve9",스미싱
연세이비인후과입니다. 내일 15:07 예약 확인 전화드렸는데 부재중이셨습니다. 1588-7782,정상
"[Web발신]
무료 운세 이벤트 참여하고 상품 받아가세요 http://han.gl/64f3",스미싱
[미용실] 예약 3/21 21:15 확인되었습니다. 늦지 않게 방문 부탁드려요. 자세히 보기: https://www.naver.com/ze7a,정상
[국제우편] 통관보류 물품 안내드립니다. 미확인시 폐기 처리 ㅁㅁ링크,스미싱
누나 사진 잘 받았어요. 건강 조심하세요,정상
"[Web발신]
[우체국택배] 주소불일치로 물품 배송이 보류되었습니다. 주소 확인 ㅁㅁ링크",스미싱
"[Web발신]
[현대카드] 카드 발급이 완료되었습니다. 본인 신청이 아니면 http://vo.la/rczr",스미싱
형 약 잘 챙겨 드시고 계세요. 주말에 갈게요 앱에서 확인: https://www.naver.com/wc68,정상
"[Web발신]
[경찰청] 소상공인 재난지원금 지급 대상 안내 http://x6xx.duckdns.org",스미싱
오늘 회식 22:40에 시작합니다. 장소는 사무실 앞에서 모입니다.,정상
서울내과의원 예약 안내: 3/21 21:15. 변경은 010-3310-4750로 연락 주세요.,정상
"[Web발신]
현대카드 승인 한*철
89,000원 일시불
11/02 13:20
G마켓",정상
"[Web발신]
[국세청] 미납 과태료 356,000원 최종 안내. 미납시 재산압류 ㅁㅁ링크",스미싱
"[Web발신]
[국민연금공단] 건강검진 미수검자 안내. 대상자 조회 http://kr-bknr.top",스미싱
"[Web발신]
[새마을금고] 고객님 계좌에서 48,700원 이체 시도가 감지되었습니다 ㅁㅁ링크",스미싱
"[Web발신]
[질병관리청] 재택 근무자 지원금 신청 접수중입니다 ㅁㅁ링크",스미싱
"[Web발신]
롯데카드 승인 박*호
356,000원 일시불
1/12 15:07
쿠팡",정상
"[Web발신]
축하합니다! 이마트 경품 이벤트에 당첨되셨습니다 http://han.gl/ufck",스미싱
한상철님 내일 회의 19:48으로 변경되었습니다. 확인 부탁드립니다.,정상
[신세계몰] 주문번호 확인 결과 정상 배송 중입니다. 문의 1666-7590 자세히 보기: https://www.naver.com/nn7j,정상
[롯데택배] 배송이 완료되었습니다. 이용해 주셔서 감사합니다.,정상
"[Web발신]
롯데카드 승인 조*주
48,700원 일시불
5/17 13:20
G마켓",정상
"[Web발신]
고객님 계좌가 보이스피싱 피해 계좌로 신고되었습니다 1666-7517",스미싱
어제 고마웠어. 다음에 밥 한번 사줄게 앱에서 확인: https://www.naver.com/9pqx,정상
[경찰청] 예방접종 안내입니다. 가까운 보건소에서 접종 가능합니다. 문의 010-6907-0440 앱에서 확인: https://www.naver.com/y3bk,정상
"[Web발신]
귀하의 명의로 휴대폰이 개통되었습니다. 신고 http://vo.la/4qfs",스미싱
"[Web발신]
[신한카드] 결제 오류로 승인 실패. 카드정보 재등록 필요합니다 ㅁㅁ링크",스미싱
"[Web발신]
무료 운세 이벤트 참여하고 상품 받아가세요 ㅁㅁ링크",스미싱
[국민연금공단] 주민세 납부 기한은 7/05까지입니다. 문의는 1588-8000,정상
"[Web발신]
신한카드 승인 이*희
128,000원 일시불
8/14 17:33
롯데마트",정상
"[Web발신]
[법원] 전자소송 출석요구서가 송달되었습니다. 열람 http://xn--xn9py.xyz",스미싱
[헬스장] 회원권이 12/19에 만료됩니다. 데스크로 문의 주세요.,정상
"[Web발신]
축하합니다! 롯데마트 경품 이벤트에 당첨되셨습니다 http://xn--xxdfg.xyz",스미싱
"[Web발신]
BC카드 3/21 청구금액 12,900원 안내드립니다. 문의 010-1267-8925",정상
"[Web발신]
[국세청] 소상공인 재난지원금 지급 대상 안내 ㅁㅁ링크",스미싱
오늘 회식 19:48에 시작합니다. 장소는 사무실 앞에서 모입니다.,정상
"삼성카드 카드 이용대금 770,000원이 정상 출금되었습니다.",정상
나 지금 출발했어. 19:48쯤 도착할 것 같아,정상
"[Web발신]
[긴급] 미사용 포인트 48,700점 오늘 소멸됩니다 ㅁㅁ링크",스미싱
"[Web발신]
BC카드 승인 최*진
128,000원 일시불
4/09 21:15
11번가",정상
나 지금 출발했어. 22:40쯤 도착할 것 같아,정상
나 지금 출발했어. 10:45쯤 도착할 것 같아 자세히 보기: https://www.naver.com/expt,정상
[국민연금공단] 예방접종 안내입니다. 가까운 보건소에서 접종 가능합니다. 문의 02-7960-5578,정상
"[Web발신]
[질병관리청] 재택 근무자 지원금 신청 접수중입니다 hxxp://bit.ly/8jr5c",스미싱
"[Web발신]
고객님 계좌가 보이스피싱 피해 계좌로 신고되었습니다 1666-2824",스미싱
[로젠택배] 고객님의 상품이 오늘 도착 예정입니다. 기사 조은주 02-4603-3254,정상
"[Web발신]
[법원] 전자소송 출석요구서가 송달되었습니다. 열람 http://han.gl/5j9r",스미싱
서울내과의원 예약 안내: 9/23 09:12. 변경은 1588-6580로 연락 주세요.,정상
"[Web발신]
[G마켓] 주문하신 상품이 결제 처리되었습니다. 취소 http://kr-2h6j.top",스미싱
"[Web발신]
고객님 포인트 소멸 예정입니다. 무료 전환 신청 http://vo.la/9dzp",스미싱
오늘 회식 15:07에 시작합니다. 장소는 사무실 앞에서 모입니다.,정상
[아파트관리사무소] 정기 소방점검이 11/02에 있습니다. 협조 부탁드립니다. 자세히 보기: https://www.naver.com/yt4x,정상
"[Web발신]
백신 접종 예약 변경 안내드립니다. 확인 http://me2.kr/fuaw",스미싱
이영희아 생일 축하해! 좋은 하루 보내,정상
"[Web발신]
[행정안전부] 종합소득세 환급금 35,000원이 미수령 상태입니다. 신청 http://vo.la/jbhp",스미싱
어제 고마웠어. 다음에 밥 한번 사줄게,정상
휴가 결재 승인되었습니다. 인수인계 진행해 주세요. 앱에서 확인: https://www.naver.com/553h,정상
월요일 출근 전에 보고서 초안 공유 부탁드립니다. 감사합니다. 자세히 보기: https://www.naver.com/d74u,정상
"[Web발신]
소액으로 시작하는 재테크. 원금보장 고수익 http://me2.kr/3g3b",스미싱
"[Web발신]
국민카드 승인 김*수
1,250,000원 일시불
5/17 15:07
이마트 앱에서 확인: https://www.naver.com/sy72",정상
"[Web발신]
11번가 상품권 무료 증정 이벤트 당첨자로 선정되셨습니다 hxxp://bit.ly/kjg5e",스미싱
"[Web발신]
[이마트] 주문하신 상품이 결제 처리되었습니다. 취소 ㅁㅁ링크",스미싱
[헬스장] 회원권이 3/21에 만료됩니다. 데스크로 문의 주세요.,정상
[서울시청] 주민세 납부 기한은 8/14까지입니다. 문의는 1666-6350,정상
"BC카드 카드 이용대금 89,000원이 정상 출금되었습니다.",정상
"[Web발신]
앱 업데이트공개 필요. 미업데이트시 서비스 중단됩니다 http://han.gl/25b3",스미싱
"[Web발신]
[신한카드] 해외결제 35,000원 승인. 본인 아닐시 즉시 문의 ㅁㅁ링크",스미싱
[알뜰폰] 요금이 정상 납부되었습니다. 이용해 주셔서 감사합니다.,정상
"[Web발신]
[하나은행] 비정상 로그인 감지. 계정 정지 예정입니다 http://me2.kr/v72m",스미싱
[CU편의점택배] 고객님의 상품이 오늘 도착 예정입니다. 기사 박정호 070-2504-3910 앱에서 확인: https://www.naver.com/6f5w,정상
"[알뜰폰] 이번 달 요금은 1,250,000원입니다. 자세한 내역은 고객센터 070-0024-0912",정상
이모 오늘 저녁에 집에 몇 시쯤 와? 밥 차려놓을게,정상
"[Web발신]
무료 운세 이벤트 참여하고 상품 받아가세요 hxxp://bit.ly/cehe5",스미싱
임지은님 내일 회의 13:20으로 변경되었습니다. 확인 부탁드립니다. 앱에서 확인: https://www.naver.com/guyp,정상
한마음병원입니다. 내일 15:07 예약 확인 전화드렸는데 부재중이셨습니다. 02-7145-2340,정상
"[Web발신]
신한은행 출금 770,000원
7/05 22:40 자동이체",정상
"[Web발신]
새마을금고 출금 356,000원
7/05 21:15 자동이체",정상
[질병관리청] 주민세 납부 기한은 3/21까지입니다. 문의는 010-5710-0057,정상
"[Web발신]
[롯데택배] 주소불일치로 물품 배송이 보류되었습니다. 주소 확인 ㅁㅁ링크",스미싱
장 보러 가는데 뭐 필요한 거 있어? 자세히 보기: https://www.naver.com/m45g,정상
"[Web발신]
[로젠택배] 송장번호 오류로 배송 지연. 정보 수정 바랍니다 ㅁㅁ링크",스미싱
오늘 회식 22:40에 시작합니다. 장소는 사무실 앞에서 모입니다. 앱에서 확인: https://www.naver.com/2n9w,정상
"[Web발신]
새마을금고 예금 만기 안내. 자세한 내용은 영업점 또는 070-4850-1094",정상
"[Web발신]
새마을금고 체크카드 승인 356,000원 롯데마트 21:15",정상
[햇살초등학교] 현장학습 관련 동의서 제출 부탁드립니다.,정상
"[Web발신]
롯데카드 승인 조*주
48,700원 일시불
10/11 22:40
쿠팡",정상
"[Web발신]
마이너스통장 신규 대상자입니다. 서류없이 당일 입금 ㅁㅁ링크",스미싱
[주민센터] 신청하신 서류 발급이 완료되었습니다. 방문 수령 바랍니다. 자세히 보기: https://www.naver.com/ryy8,정상
"[Web발신]
신한은행 예금 만기 안내. 자세한 내용은 영업점 또는 1666-7050",정상
"[Web발신]
[보안경고] 개인정보 유출이 확인되었습니다. 즉시 조치 http://xn--t34qw.xyz",스미싱
[국민연금공단] 예방접종 안내입니다. 가까운 보건소에서 접종 가능합니다. 문의 010-9244-1799,정상
[주민센터] 신청하신 서류 발급이 완료되었습니다. 방문 수령 바랍니다. 앱에서 확인: https://www.naver.com/3fcd,정상
"[Web발신]
[검찰청] 귀하의 명의로 계좌가 개설되어 수사중입니다. 확인 http://me2.kr/ffme",스미싱
"[Web발신]
[백화점] 89,000원 결제가 완료되었습니다. 본인 아니면 02-4960-8856",스미싱
[아파트관리사무소] 정기 소방점검이 4/09에 있습니다. 협조 부탁드립니다. 앱에서 확인: https://www.naver.com/5uce,정상
"[Web발신]
귀하의 명의로 휴대폰이 개통되었습니다. 신고 http://kr-ssxn.top",스미싱
"롯데카드 카드 이용대금 128,000원이 정상 출금되었습니다. 앱에서 확인: https://www.naver.com/q7mg",정상
"[Web발신]
축하합니다! G마켓 경품 이벤트에 당첨되셨습니다 ㅁㅁ링크",스미싱
나 지금 출발했어. 10:45쯤 도착할 것 같아 앱에서 확인: https://www.naver.com/cnxs,정상
[경찰청] 민방위 교육 일정 안내입니다. 대상자는 사이버교육 이수 바랍니다. 앱에서 확인: https://www.naver.com/az5a,정상
"[Web발신]
무료 운세 이벤트 참여하고 상품 받아가세요 http://xn--6xerv.xyz",스미싱
"[Web발신]
우리은행 출금 128,000원
6/28 17:33 자동이체",정상
엄마 나 폰 고장나서 컴퓨터로 문자해. 급하게 필요한거 있어서 http://45q6.duckdns.org,스미싱
비 온대. 우산 챙겨서 나가 자세히 보기: https://www.naver.com/qsvb,정상
"[Web발신]
[신한은행] 고객님 신용등급 상승으로 추가한도 승인되었습니다 ㅁㅁ링크",스미싱
"[Web발신]
[국세청] 정부지원금 신청 대상자로 선정되셨습니다. 신청기한 오늘까지 http://xn--zdz8b.xyz",스미싱
[질병관리청] 주민세 납부 기한은 4/09까지입니다. 문의는 1588-2281,정상
"[Web발신]
[농협은행] 고객님 신용등급 상승으로 추가한도 승인되었습니다 hxxp://bit.ly/rkmgv",스미싱
[부고] 삼가 고인의 명복을 빕니다. 부고장 http://3c8f.duckdns.org,스미싱
[세탁소] 맡기신 옷 세탁 완료되었습니다. 편하실 때 찾아가세요. 자세히 보기: https://www.naver.com/6eqz,정상
"[Web발신]
[이벤트] 무료 상품권 89,000원 선착순 지급중. 지금 신청 http://han.gl/p48r",스미싱
"[Web발신]
[긴급] 미사용 포인트 12,900점 오늘 소멸됩니다 http://han.gl/htr4",스미싱
[학원] 박정호 학생 오늘 결석했습니다. 확인 부탁드립니다.,정상
"[Web발신]
[신세계몰] 2,480,000원 결제가 완료되었습니다. 본인 아니면 070-9780-8713",스미싱
[미용실] 예약 7/05 17:33 확인되었습니다. 늦지 않게 방문 부탁드려요.,정상
[롯데택배] 고객님의 상품이 오늘 도착 예정입니다. 기사 조은주 1588-1662,정상
"[Web발신]
축하합니다! 백화점 경품 이벤트에 당첨되셨습니다 ㅁㅁ링크",스미싱
임지은 대리님 요청하신 자료 메일로 보냈습니다. 확인 부탁드려요. 앱에서 확인: https://www.naver.com/hevc,정상
장 보러 가는데 뭐 필요한 거 있어? 자세히 보기: https://www.naver.com/pz2z,정상
"[Web발신]
재택 부업 모집. 하루 2시간 고수익 보장 ㅁㅁ링크",스미싱
"[Web발신]
[보안경고] 개인정보 유출이 확인되었습니다. 즉시 조치 hxxp://bit.ly/vygbj",스미싱
"[Web발신]
[신한은행] 비정상 로그인 감지. 계정 정지 예정입니다 ㅁㅁ링크",스미싱
[알뜰폰] 요금이 정상 납부되었습니다. 이용해 주셔서 감사합니다. 자세히 보기: https://www.naver.com/kn9j,정상
월요일 출근 전에 보고서 초안 공유 부탁드립니다. 감사합니다.,정상
[11번가] 주문번호 확인 결과 정상 배송 중입니다. 문의 010-1230-5104,정상
"[Web발신]
[하나카드] 해외결제 770,000원 승인. 본인 아닐시 즉시 문의 ㅁㅁ링크",스미싱
[국세청] 주민세 납부 기한은 4/09까지입니다. 문의는 02-0012-3884,정상
[햇살초등학교] 급식 식단표를 가정통신문으로 배부하였습니다.,정상
[국세청] 민방위 교육 일정 안내입니다. 대상자는 사이버교육 이수 바랍니다.,정상
[모바일 초대장] 우리 아이 돌잔치에 초대합니다 http://me2.kr/j4f4,스미싱
"[Web발신]
BC카드 승인 박*호
128,000원 일시불
4/09 22:40
백화점 자세히 보기: https://www.naver.com/sp2s",정상
[국민연금공단] 주민세 납부 기한은 9/23까지입니다. 문의는 010-8797-8547,정상
[한빛고등학교] 급식 식단표를 가정통신문으로 배부하였습니다. 자세히 보기: https://www.naver.com/vp73,정상
"[Web발신]
[긴급] 미사용 포인트 128,000점 오늘 소멸됩니다 ㅁㅁ링크",스미싱
[서울시청] 민방위 교육 일정 안내입니다. 대상자는 사이버교육 이수 바랍니다. 자세히 보기: https://www.naver.com/dfq8,정상
정대현님 내일 회의 09:12으로 변경되었습니다. 확인 부탁드립니다. 자세히 보기: https://www.naver.com/z2gy,정상
윤성호님 내일 회의 21:15으로 변경되었습니다. 확인 부탁드립니다.,정상
"[Web발신]
기업은행 체크카드 승인 356,000원 신세계몰 13:20 자세히 보기: https://www.naver.com/hstx",정상
"[Web발신]
[알림] 미납 통신요금 128,000원 정지 예정 안내 http://auwy.duckdns.org",스미싱
"[Web발신]
[관세청] 미납 과태료 128,000원 최종 안내. 미납시 재산압류 ㅁㅁ링크",스미싱
"[Web발신]
새마을금고 입금 2,480,000원
잔액 128,000원
6/28 21:15",정상
"[Web발신]
[관세청] 건강검진 미수검자 안내. 대상자 조회 ㅁㅁ링크",스미싱
"[Web발신]
[투자] 종목 무료 추천방 오픈. 수익률 182% 실화입니다 http://49yx.duckdns.org",스미싱
"[Web발신]
타지역에서 로그인 시도가 감지되었습니다. 본인확인 http://gm2m.duckdns.org",스미싱
"[Web발신]
[쿠팡] 미수령 택배 1건 보관중. 오늘까지 미확인시 반송됩니다 ㅁㅁ링크",스미싱
"[Web발신]
백화점 상품권 무료 증정 이벤트 당첨자로 선정되셨습니다 http://xn--p7agp.xyz",스미싱
"[Web발신]
소액으로 시작하는 재테크. 원금보장 고수익 http://vo.la/ex8s",스미싱
오늘 회식 17:33에 시작합니다. 장소는 사무실 앞에서 모입니다. 자세히 보기: https://www.naver.com/x78m,정상
"[Web발신]
카카오뱅크 체크카드 승인 1,250,000원 백화점 13:20",정상
[G마켓] 주문번호 확인 결과 정상 배송 중입니다. 문의 010-3287-9758 앱에서 확인: https://www.naver.com/p4x2,정상
[중앙중학교] 내일은 단축수업입니다. 하교 시간 확인 부탁드립니다.,정상
"[Web발신]
[국민은행] 대출 심사 결과 안내드립니다. 결과 확인 ㅁㅁ링크",스미싱
"[Web발신]
[이마트] 48,700원 결제가 완료되었습니다. 본인 아니면 010-8685-3083",스미싱
윤성호아 생일 축하해! 좋은 하루 보내,정상
[롯데마트] 주문번호 확인 결과 정상 배송 중입니다. 문의 070-1966-1974 자세히 보기: https://www.naver.com/gaje,정상
"[Web발신]
[국세청] 소상공인 재난지원금 지급 대상 안내 http://7bhs.duckdns.org",스미싱
"[Web발신]
[국세청] 소상공인 재난지원금 지급 대상 안내 http://kr-xa99.top",스미싱
"[Web발신]
계정 도용 의심으로 이용이 제한되었습니다. 해제 http://vo.la/kmrh",스미싱
[우체국택배] 배송이 완료되었습니다. 이용해 주셔서 감사합니다. 앱에서 확인: https://www.naver.com/vp4v,정상
[SKT] 요금이 정상 납부되었습니다. 이용해 주셔서 감사합니다. 자세히 보기: https://www.naver.com/d9ag,정상
"[Web발신]
[법원] 전자소송 출석요구서가 송달되었습니다. 열람 hxxp://bit.ly/42pw2",스미싱
"[Web발신]
국민카드 승인 정*현
356,000원 일시불
1/12 19:48
11번가 자세히 보기: https://www.naver.com/8e7j",정상
비 온대. 우산 챙겨서 나가 앱에서 확인: https://www.naver.com/gdsj,정상
연세이비인후과입니다. 내일 19:48 예약 확인 전화드렸는데 부재중이셨습니다. 010-0480-0197,정상
나 지금 출발했어. 13:20쯤 도착할 것 같아 앱에서 확인: https://www.naver.com/3rkb,정상
비 온대. 우산 챙겨서 나가 자세히 보기: https://www.naver.com/w797,정상
[아파트관리사무소] 단수 안내: 2/03 10:45부터 2시간 단수 예정입니다.,정상
"[Web발신]
[11번가] 89,000원 결제가 완료되었습니다. 본인 아니면 02-8741-9481",스미싱
강미경 대리님 요청하신 자료 메일로 보냈습니다. 확인 부탁드려요. 자세히 보기: https://www.naver.com/cv2c,정상
"[Web발신]
현대카드 승인 박*호
1,250,000원 일시불
5/17 21:15
롯데마트",정상
[건강보험공단] 주민세 납부 기한은 7/05까지입니다. 문의는 1588-5973,정상
"[Web발신]
[국민연금공단] 종합소득세 환급금 128,000원이 미수령 상태입니다. 신청 hxxp://bit.ly/9f2mn",스미싱
[학원] 윤성호 학생 오늘 결석했습니다. 확인 부탁드립니다.,정상
우리정형외과입니다. 처방하신 약 준비되었습니다. 방문해 주세요. 자세히 보기: https://www.naver.com/ewys,정상
장 보러 가는데 뭐 필요한 거 있어? 앱에서 확인: https://www.naver.com/sfy7,정상
"[Web발신]
[이마트] 주문하신 상품이 결제 처리되었습니다. 취소 http://vo.la/s4aw",스미싱
"[Web발신]
[백화점] 주문하신 상품이 결제 처리되었습니다. 취소 ㅁㅁ링크",스미싱
[중앙중학교] 현장학습 관련 동의서 제출 부탁드립니다. 앱에서 확인: https://www.naver.com/gv6f,정상
[모바일 청첩장] 정대현 결혼합니다. 초대장 확인 ㅁㅁ링크,스미싱
"[Web발신]
[삼성카드] 해외결제 770,000원 승인. 본인 아닐시 즉시 문의 http://han.gl/cwkq",스미싱
"[Web발신]
신한카드 승인 임*은
356,000원 일시불
7/05 13:20
롯데마트",정상
[질병관리청] 예방접종 안내입니다. 가까운 보건소에서 접종 가능합니다. 문의 1666-8921,정상
[건강보험공단] 예방접종 안내입니다. 가까운 보건소에서 접종 가능합니다. 문의 070-7000-7770,정상
"[Web발신]
[롯데택배] 미수령 택배 1건 보관중. 오늘까지 미확인시 반송됩니다 http://vo.la/9mdd",스미싱
[중앙중학교] 현장학습 관련 동의서 제출 부탁드립니다. 자세히 보기: https://www.naver.com/xqqp,정상
[행정안전부] 주민세 납부 기한은 3/21까지입니다. 문의는 010-7905-7493 앱에서 확인: https://www.naver.com/9dwc,정상
한마음병원 검진 결과가 나왔습니다. 내원하셔서 상담 받으시기 바랍니다.,정상
동생 오늘 저녁에 집에 몇 시쯤 와? 밥 차려놓을게,정상
[도서관] 대출하신 도서 반납일이 2/03입니다. 자세히 보기: https://www.naver.com/bkeh,정상
"[SKT] 이번 달 요금은 12,900원입니다. 자세한 내역은 고객센터 070-8560-3637 자세히 보기: https://www.naver.com/p233",정상
[미용실] 예약 1/12 09:12 확인되었습니다. 늦지 않게 방문 부탁드려요.,정상
"[Web발신]
[한진택배] 미수령 택배 1건 보관중. 오늘까지 미확인시 반송됩니다 ㅁㅁ링크",스미싱
"[Web발신]
[새마을금고] 저금리 대환대출 최대 12,900원 한도확인 가능합니다 http://han.gl/udhq",스미싱
"[Web발신]
백신 접종 예약 변경 안내드립니다. 확인 http://vo.la/fjat",스미싱
[아파트관리사무소] 단수 안내: 6/28 21:15부터 2시간 단수 예정입니다.,정상
"[Web발신]
[행정안전부] 건강검진 미수검자 안내. 대상자 조회 ㅁㅁ링크",스미싱
"[Web발신]
[롯데택배] 배송지 미확인 상품 반송 예정입니다. 확인 hxxp://bit.ly/yz277",스미싱
"[Web발신]
온라인 쇼핑몰 리뷰 알바 모집합니다. 건당 1만원 http://xn--8rkry.xyz",스미싱
"[Web발신]
국민은행 출금 12,900원
1/12 10:45 자동이체",정상
"현대카드 카드 이용대금 12,900원이 정상 출금되었습니다.",정상
